record_id,decisionNumber,decisionDate,decision_month,decision_year,domains,domain_register,authority_name
2975469,2а-223/2021,2021-01-11,2021-01,2021,['pvkgb.ru'],.ru,Металлургический районный суд г. Челябинска - Челябинская область
3049955,2а-418-2021,2021-02-17,2021-02,2021,['thomas-stege.de'],.de,Саткинский городской суд - Челябинская область
4343144,2а-1289/2021,2021-02-19,2021-02,2021,['admiralwin.fun'],.fun,Курчатовский районный суд г. Челябинска - Челябинская область
3211129,2а-625/2021,2021-02-19,2021-02,2021,['pvkgb.ru'],.ru,Правобережный районный суд г. Магнитогорска - Челябинская область
3289057,2а-629/2021,2021-02-20,2021-02,2021,['piholpua.ds216.ru'],.ru,Правобережный районный суд г. Магнитогорска - Челябинская область
3288196,2а-631/2021,2021-02-20,2021-02,2021,['kesalon.victoria-rossi.ru'],.ru,Правобережный районный суд г. Магнитогорска - Челябинская область
3139653,2а-768/2021,2021-02-24,2021-02,2021,['playfortunagl12.com'],.com,Металлургический районный суд г. Челябинска - Челябинская область
3298905,2а-780/2021,2021-02-26,2021-02,2021,['5.61.51.170'],.170,Правобережный районный суд г. Магнитогорска - Челябинская область
4205226,б/н,2021-03-01,2021-03,2021,['indi-sevastopolya.com'],.com,Центральный районный суд г. Челябинска - Челябинская область
4200155,б/н,2021-03-01,2021-03,2021,['transymoskvyhott.com'],.com,Центральный районный суд г. Челябинска - Челябинская область
3293731,2а-719/2021,2021-03-04,2021-03,2021,['klichina.fiola.ltd.ua'],.ua,Правобережный районный суд г. Магнитогорска - Челябинская область
3540771,2а-890/2021,2021-03-05,2021-03,2021,['tuhcsooooooon.ru'],.ru,Копейский городской суд - Челябинская область
3096345,2а-1006/2021,2021-03-10,2021-03,2021,['chelyabinsk.study-documenta.com'],.com,Копейский городской суд - Челябинская область
3321257,2а-713/2021,2021-03-10,2021-03,2021,['anonguns.net'],.net,Миасский городской суд - Челябинская область
3149028,2а-1670/2021,2021-03-11,2021-03,2021,['porevo365.ru'],.ru,Советский районный суд г. Челябинска - Челябинская область
3967593,2a-1094/2021,2021-03-12,2021-03,2021,['kopejsk.study-documenta.com'],.com,Копейский городской суд - Челябинская область
3125393,2а-901/2021,2021-03-12,2021-03,2021,['b.ekbslut.com'],.com,Металлургический районный суд г. Челябинска - Челябинская область
3221587,2а-185/2021,2021-03-12,2021-03,2021,['prostutytku-rus.com'],.com,Снежинский городской суд - Челябинская область
3206109,2а-1094/2021,2021-03-12,2021-03,2021,['kopeysk.study-documenta.com'],.com,Копейский городской суд - Челябинская область
3125343,2а-902/2021,2021-03-12,2021-03,2021,['zlatoust.soos.su'],.su,Металлургический районный суд г. Челябинска - Челябинская область
3139771,2а-3046/2021,2021-03-17,2021-03,2021,['zhahach.click'],.click,Центральный районный суд г. Челябинска - Челябинская область
3335947,2а-707/2021,2021-03-19,2021-03,2021,['dlplvels.ru'],.ru,Правобережный районный суд г. Магнитогорска - Челябинская область
3175811,2а-208/2021,2021-03-19,2021-03,2021,['d.doxy-chelyabinsk.net'],.net,Снежинский городской суд - Челябинская область
3647291,2а-1095/2021,2021-03-25,2021-03,2021,['zlatoust.narcology.clinic'],.clinic,Златоустовский городской суд - Челябинская область
3372413,2a-1612/2021,2021-04-01,2021-04,2021,['челябинск.прописка-в.рф'],.рф,Тракторозаводский районный суд г. Челябинска - Челябинская область
4496077,2а-2154/2021,2021-04-02,2021-04,2021,['sprawkionline24.net'],.net,Курчатовский районный суд г. Челябинска - Челябинская область
3357413,2а-1595/2021,2021-04-02,2021-04,2021,['erkiss4.com'],.com,Советский районный суд г. Челябинска - Челябинская область
3206048,2а-740/2021,2021-04-06,2021-04,2021,['74.spravo4ku.ru'],.ru,Саткинский городской суд - Челябинская область
3337036,2а-1058/2021,2021-04-06,2021-04,2021,['chaura.lines-x.ru'],.ru,Правобережный районный суд г. Магнитогорска - Челябинская область
3398153,2а-1056/2021,2021-04-06,2021-04,2021,['b.sosudmsk.com'],.com,Правобережный районный суд г. Магнитогорска - Челябинская область
3221813,2а-3557/2021,2021-04-07,2021-04,2021,['ivanovo.1.x-whore.com'],.com,Центральный районный суд г. Челябинска - Челябинская область
3256356,2а-1265/2021,2021-04-08,2021-04,2021,['nsc.sibirki.com'],.com,Металлургический районный суд г. Челябинска - Челябинская область
3354519,2а-1320/2021,2021-04-14,2021-04,2021,['kopeysk.dmare.ru'],.ru,Металлургический районный суд г. Челябинска - Челябинская область
3371414,2а-1069/2021,2021-04-14,2021-04,2021,['top.siblaguna.org'],.org,Металлургический районный суд г. Челябинска - Челябинская область
3460309,2а-1069/2021,2021-04-14,2021-04,2021,['top.siblaguna.org'],.org,Металлургический районный суд г. Челябинска - Челябинская область
3266653,2а-162/2021,2021-04-15,2021-04,2021,['shpok.me'],.me,Нагайбакский районный суд - Челябинская область
3245993,2а-1325/2021,2021-04-19,2021-04,2021,['zlatoust.study-documentas.com'],.com,Златоустовский городской суд - Челябинская область
3635874,2a-326/2021,2021-04-19,2021-04,2021,['marrauders.bandcamp.com'],.com,Агаповский районный суд - Челябинская область
3357630,2а-1882/2021,2021-04-21,2021-04,2021,['zhahach.click'],.click,Советский районный суд г. Челябинска - Челябинская область
3336228,2а-372/2021,2021-04-29,2021-04,2021,['lurklurk.com'],.com,Еманжелинский городской суд - Челябинская область
3349939,2а-381/2021,2021-04-30,2021-04,2021,['memchik.club'],.club,Еманжелинский городской суд - Челябинская область
3576125,2a-208/2021,2021-04-30,2021-04,2021,['krotov.info'],.info,Нагайбакский районный суд - Челябинская область
3790827,2а-2075/2021,2021-05-07,2021-05,2021,['animerus.xyz'],.xyz,Курчатовский районный суд г. Челябинска - Челябинская область
3652543,2a-346/2021,2021-05-13,2021-05,2021,['orgasmnostradamusa.bandcamp.com'],.com,Кунашакский районный суд - Челябинская область
3739053,2a-1370/2021,2021-05-27,2021-05,2021,['probivaem.net'],.net,Саткинский городской суд - Челябинская область
3403819,2а-3434/2021,2021-06-01,2021-06,2021,['bbiz.chat'],.chat,Курчатовский районный суд г. Челябинска - Челябинская область
3705760,2a-4885/2021,2021-06-01,2021-06,2021,['glgroup.pl'],.pl,Центральный районный суд г. Челябинска - Челябинская область
3439799,2a-4777/2021,2021-06-08,2021-06,2021,['piter3.otsos18.com'],.com,Центральный районный суд г. Челябинска - Челябинская область
3444794,2a-4778/2021,2021-06-08,2021-06,2021,['b.sekasov.org'],.org,Центральный районный суд г. Челябинска - Челябинская область
3560593,2a-2959/2021,2021-06-11,2021-06,2021,['theatretabard.com'],.com,Советский районный суд г. Челябинска - Челябинская область
3571080,2a-1808/2021,2021-06-17,2021-06,2021,['miass.soos.su'],.su,Миасский городской суд - Челябинская область
3983214,2a-3089/2021,2021-06-21,2021-06,2021,['milk89.com'],.com,Советский районный суд г. Челябинска - Челябинская область
3478939,2а-548/2021,2021-06-21,2021-06,2021,['chutelki.noputin.ru'],.ru,Кыштымский городской суд - Челябинская область
3481453,2a-550/2021,2021-06-21,2021-06,2021,['avallon.info'],.info,Кыштымский городской суд - Челябинская область
3983276,2a-2998/2021,2021-06-22,2021-06,2021,['4zzy.net'],.net,Советский районный суд г. Челябинска - Челябинская область
3429577,М-4118/2021,2021-06-28,2021-06,2021,['kotlas.pr-13.com'],.com,Центральный районный суд г. Челябинска - Челябинская область
3429643,М-4118/2021,2021-06-28,2021-06,2021,['kotlas.soos.su'],.su,Центральный районный суд г. Челябинска - Челябинская область
3553785,2a-2124/2021,2021-06-28,2021-06,2021,['cheliabinsk.transi-mos.com'],.com,Металлургический районный суд г. Челябинска - Челябинская область
3444341,2a-230/2021,2021-06-29,2021-06,2021,['chelyabinsk.studys-doc.com'],.com,Кусинский районный суд - Челябинская область
3605426,2a-5766/2021,2021-07-02,2021-07,2021,['rusprawkaonline-msk.net'],.net,Центральный районный суд г. Челябинска - Челябинская область
3479214,2a-175/2021,2021-07-05,2021-07,2021,['porezat.ru'],.ru,Нязепетровский районный суд - Челябинская область
3483783,2a-177/2021,2021-07-05,2021-07,2021,['shop.anonguns.net'],.net,Нязепетровский районный суд - Челябинская область
3456735,б/н,2021-07-05,2021-07,2021,['indi-kazani.com'],.com,Центральный районный суд г. Челябинска - Челябинская область
3914230,2a-5852/2021,2021-07-06,2021-07,2021,['ru.b-ok.com'],.com,Центральный районный суд г. Челябинска - Челябинская область
3582723,2a-3417/2021,2021-07-07,2021-07,2021,['piski-siski.com'],.com,Советский районный суд г. Челябинска - Челябинская область
3474289,2a-2589/2021,2021-07-07,2021-07,2021,['store.anonguns.net'],.net,Копейский городской суд - Челябинская область
3983159,2a-3074/2021,2021-07-08,2021-07,2021,['movs18plus.com'],.com,Советский районный суд г. Челябинска - Челябинская область
3582634,2a-2787/2021,2021-07-08,2021-07,2021,['onecred.name'],.name,Тракторозаводский районный суд г. Челябинска - Челябинская область
3688369,2a-5632/2021,2021-07-08,2021-07,2021,['ivanovo.individualka-tut.com'],.com,Центральный районный суд г. Челябинска - Челябинская область
3671473,2a-577/2021,2021-07-09,2021-07,2021,['chelyabinsk.studys-doc.com'],.com,Агаповский районный суд - Челябинская область
3676088,2a-393/2021,2021-07-12,2021-07,2021,['l.doxy-chelyabinsk.net'],.net,Пластский городской суд - Челябинская область
3631256,2a-1860/2021,2021-07-14,2021-07,2021,['miass.1.x-whore.com'],.com,Миасский городской суд - Челябинская область
3477935,М-4518/2021,2021-07-14,2021-07,2021,['f.indi-msk.club'],.club,Центральный районный суд г. Челябинска - Челябинская область
3616277,2a-5894/2021,2021-07-15,2021-07,2021,['kerchy.soos.su'],.su,Центральный районный суд г. Челябинска - Челябинская область
3982970,2a-3706/2021,2021-07-19,2021-07,2021,['golye.net'],.net,Советский районный суд г. Челябинска - Челябинская область
3982975,2a-3704/2021,2021-07-19,2021-07,2021,['craftunion.ru'],.ru,Советский районный суд г. Челябинска - Челябинская область
3962254,2a-3707/2021,2021-07-19,2021-07,2021,['titki.me'],.me,Советский районный суд г. Челябинска - Челябинская область
3961688,2a-3712/2021,2021-07-19,2021-07,2021,['xn----ztbcbceder.me'],.me,Советский районный суд г. Челябинска - Челябинская область
3962044,2a-3705/2021,2021-07-19,2021-07,2021,['russianspycam.com'],.com,Советский районный суд г. Челябинска - Челябинская область
3515013,2a-3868/2021,2021-07-21,2021-07,2021,['b.egoistki.xyz'],.xyz,Курчатовский районный суд г. Челябинска - Челябинская область
3515612,б/н,2021-07-26,2021-07,2021,['go.cheleba.vip'],.vip,Центральный районный суд г. Челябинска - Челябинская область
3647937,2a-2747/2021,2021-07-29,2021-07,2021,['pizdushka.com'],.com,Ленинский районный суд г. Челябинска - Челябинская область
3593377,2a-2383/2021,2021-07-29,2021-07,2021,['a.shlyuhi-moscow.com'],.com,Металлургический районный суд г. Челябинска - Челябинская область
3593384,2a-2378/2021,2021-07-29,2021-07,2021,['moscow-1.russia.x-narod.ru'],.ru,Металлургический районный суд г. Челябинска - Челябинская область
3574767,2a-1870/2021,2021-07-30,2021-07,2021,['miass.dmare.ru'],.ru,Миасский городской суд - Челябинская область
3569637,2a-4010/2021,2021-08-02,2021-08,2021,['hello.x-chel.org'],.org,Курчатовский районный суд г. Челябинска - Челябинская область
3628183,2a-194/2021,2021-08-06,2021-08,2021,['pontorez.net'],.net,Нязепетровский районный суд - Челябинская область
3628104,2a-198/2021,2021-08-06,2021-08,2021,['chel.cheleba.vip'],.vip,Нязепетровский районный суд - Челябинская область
3627925,2a-199/2021,2021-08-06,2021-08,2021,['hide-forums.ru'],.ru,Нязепетровский районный суд - Челябинская область
3597446,2a-675/2021,2021-08-06,2021-08,2021,['tr.indi-best.com'],.com,Снежинский городской суд - Челябинская область
3602695,2a-674/2021,2021-08-06,2021-08,2021,['sibirki.com'],.com,Снежинский городской суд - Челябинская область
3602298,2a-677/2021,2021-08-06,2021-08,2021,['msk4.slustena.net'],.net,Снежинский городской суд - Челябинская область
3601903,2a-683/2021,2021-08-06,2021-08,2021,['syktyvkar.kat40.ru'],.ru,Снежинский городской суд - Челябинская область
3652346,2a-2435/2021,2021-08-06,2021-08,2021,['o.malvinki.net'],.net,Металлургический районный суд г. Челябинска - Челябинская область
3692616,2a-3476/2021,2021-08-09,2021-08,2021,['sweetix.me'],.me,Советский районный суд г. Челябинска - Челябинская область
3747813,2а-6777/2021,2021-08-10,2021-08,2021,['g.bordeli.biz'],.biz,Центральный районный суд г. Челябинска - Челябинская область
3631357,2a-2462/2021,2021-08-10,2021-08,2021,['zlatoust.studys-doc.com'],.com,Златоустовский городской суд - Челябинская область
3803051,2a-6787/2021,2021-08-12,2021-08,2021,['c.nb-kirov.com'],.com,Центральный районный суд г. Челябинска - Челябинская область
3627478,2a-905/2021,2021-08-12,2021-08,2021,['clayclay.ru'],.ru,Коркинский городской суд - Челябинская область
3660872,2a-6785/2021,2021-08-12,2021-08,2021,['escort-girl.club'],.club,Центральный районный суд г. Челябинска - Челябинская область
3598448,2a-700/2021,2021-08-13,2021-08,2021,['pskov.soos.su'],.su,Снежинский городской суд - Челябинская область
3602110,2a-693/2021,2021-08-13,2021-08,2021,['d.shlyuhi.org'],.org,Снежинский городской суд - Челябинская область
3747035,2а-6662/2021,2021-08-16,2021-08,2021,['hsc.sibirki.com'],.com,Центральный районный суд г. Челябинска - Челябинская область
3653063,2a-3409/2021,2021-08-17,2021-08,2021,['4len.net'],.net,Советский районный суд г. Челябинска - Челябинская область
3729754,2a-6665/2021,2021-08-19,2021-08,2021,['a.nb-rostov.club'],.club,Центральный районный суд г. Челябинска - Челябинская область
3652349,2a-2766/2021,2021-08-24,2021-08,2021,['verified.pk'],.pk,Металлургический районный суд г. Челябинска - Челябинская область
4007070,2а-6720/2021,2021-08-30,2021-08,2021,['go.cheleba.vip'],.vip,Центральный районный суд г. Челябинска - Челябинская область
4007545,2-482/2021,2021-08-30,2021-08,2021,['kordon.org.ua'],.ua,Еткульский районный суд - Челябинская область
4007723,2-482/2021,2021-08-30,2021-08,2021,['kompromat.xyz'],.xyz,Еткульский районный суд - Челябинская область
4007230,2-482/2021,2021-08-30,2021-08,2021,['kompromat.xyz'],.xyz,Еткульский районный суд - Челябинская область
4007115,2-482/2021,2021-08-30,2021-08,2021,['kompromat.xyz'],.xyz,Еткульский районный суд - Челябинская область
3681386,2a-786/2021,2021-08-30,2021-08,2021,['emanzhelinsk.doc-avto.info'],.info,Еманжелинский городской суд - Челябинская область
3758314,2a-6508/2021,2021-08-31,2021-08,2021,['apatity.pr-13.com'],.com,Центральный районный суд г. Челябинска - Челябинская область
3904294,2a-4264/2021,2021-08-31,2021-08,2021,['m.cheleba.vip'],.vip,Курчатовский районный суд г. Челябинска - Челябинская область
3681429,2a-213/2021,2021-09-07,2021-09,2021,['avto-talon.ru'],.ru,Нязепетровский районный суд - Челябинская область
3776498,2a-4037/2021,2021-09-15,2021-09,2021,['kegilya.net'],.net,Калининский районный суд г. Челябинска - Челябинская область
3655552,2a-889/2021,2021-09-16,2021-09,2021,['studys-docs.com'],.com,Еманжелинский городской суд - Челябинская область
3723538,2a-3412/2021,2021-09-17,2021-09,2021,['dildos.pro'],.pro,Советский районный суд г. Челябинска - Челябинская область
3914365,2a-4708/2021,2021-09-20,2021-09,2021,['l.doxy-chelyabinsk.net'],.net,Курчатовский районный суд г. Челябинска - Челябинская область
4013800,2а-2519/2021,2021-09-22,2021-09,2021,['miass.school-reg.ru'],.ru,Миасский городской суд - Челябинская область
3740423,2a-1087/2021,2021-09-24,2021-09,2021,['lawans.ru'],.ru,Коркинский городской суд - Челябинская область
3740430,2a-1081/2021,2021-09-24,2021-09,2021,['nolduanews.com'],.com,Коркинский городской суд - Челябинская область
3740566,2a-1085/2021,2021-09-24,2021-09,2021,['doxygon.ru'],.ru,Коркинский городской суд - Челябинская область
3779290,2a-3661/2021,2021-09-30,2021-09,2021,['onecred.club'],.club,Тракторозаводский районный суд г. Челябинска - Челябинская область
3820646,2a-3100/2021,2021-09-30,2021-09,2021,['g.avroramodels.net'],.net,Металлургический районный суд г. Челябинска - Челябинская область
3778791,2a-3662/2021,2021-09-30,2021-09,2021,['chelyabinsk-kredits.ru'],.ru,Тракторозаводский районный суд г. Челябинска - Челябинская область
3698386,б/н,2021-10-01,2021-10,2021,['indi-nefteuganska.com'],.com,Центральный районный суд г. Челябинска - Челябинская область
4007109,2а-4645/2021,2021-10-01,2021-10,2021,['go.cheleba.vip'],.vip,Курчатовский районный суд г. Челябинска - Челябинская область
3702553,2а-8329/2021,2021-10-04,2021-10,2021,['individualki-saransk.ru'],.ru,Центральный районный суд г. Челябинска - Челябинская область
3703169,2а-8329/2021,2021-10-04,2021-10,2021,['saransk3.luxe-indi.com'],.com,Центральный районный суд г. Челябинска - Челябинская область
3746603,2а-940/2021,2021-10-11,2021-10,2021,['chaschina1.top'],.top,Еманжелинский городской суд - Челябинская область
3847924,2a-2464/2021,2021-10-11,2021-10,2021,['piter4.otsos18.com'],.com,Сосновский районный суд - Челябинская область
3971923,2a-3305/2021,2021-10-14,2021-10,2021,['chelyabinsk.studys-docs.com'],.com,Металлургический районный суд г. Челябинска - Челябинская область
3767663,2a-7823/2021,2021-10-18,2021-10,2021,['b.malvinki.net'],.net,Центральный районный суд г. Челябинска - Челябинская область
3849398,2a-3389/2021,2021-10-22,2021-10,2021,['eko-tariff.ru'],.ru,Металлургический районный суд г. Челябинска - Челябинская область
3956989,2a-4083/2021,2021-10-26,2021-10,2021,['i12.gurman.fun'],.fun,Калининский районный суд г. Челябинска - Челябинская область
3812108,2a-940/2021,2021-10-29,2021-10,2021,['chaschina1.top'],.top,Еманжелинский городской суд - Челябинская область
3808244,2a-8993/2021,2021-11-02,2021-11,2021,['labytnangi.soos.su'],.su,Центральный районный суд г. Челябинска - Челябинская область
4006943,2а-8765/2021,2021-11-03,2021-11,2021,['nefteyugansk.ero-paradise.org'],.org,Центральный районный суд г. Челябинска - Челябинская область
3795006,2a-673/2021,2021-11-08,2021-11,2021,['zaoisct.ru'],.ru,Верхнеуфалейский городской суд - Челябинская область
3795109,2a-673/2021,2021-11-08,2021-11,2021,['harlots24.ru'],.ru,Верхнеуфалейский городской суд - Челябинская область
3795302,2a-673/2021,2021-11-08,2021-11,2021,['sakaryatravestiler.info'],.info,Верхнеуфалейский городской суд - Челябинская область
3795400,2a-671/2021,2021-11-08,2021-11,2021,['my.cheleba.vip'],.vip,Верхнеуфалейский городской суд - Челябинская область
3795685,2a-672/2021,2021-11-08,2021-11,2021,['tele-vika.ru'],.ru,Верхнеуфалейский городской суд - Челябинская область
3828857,2a-3480/2021,2021-11-08,2021-11,2021,['myasorubka.me'],.me,Металлургический районный суд г. Челябинска - Челябинская область
3849565,2a-8749/2021,2021-11-24,2021-11,2021,['engelys.pr-13.com'],.com,Центральный районный суд г. Челябинска - Челябинская область
3991290,2a-3300/2021,2021-11-29,2021-11,2021,['magnitogorsk.isev.su'],.su,Правобережный районный суд г. Магнитогорска - Челябинская область
3858845,2a-715/2021,2021-12-01,2021-12,2021,['indi-miassa.com'],.com,Верхнеуфалейский городской суд - Челябинская область
3858841,2a-716/2021,2021-12-01,2021-12,2021,['escortwoman.online'],.online,Верхнеуфалейский городской суд - Челябинская область
3858893,2a-716/2021,2021-12-01,2021-12,2021,['pickupsluts.store'],.store,Верхнеуфалейский городской суд - Челябинская область
3867253,2a-9469/2021,2021-12-01,2021-12,2021,['davalki72.us'],.us,Центральный районный суд г. Челябинска - Челябинская область
3875835,2a-542/2021,2021-12-02,2021-12,2021,['a.doc-medic.club'],.club,Нагайбакский районный суд - Челябинская область
4146108,2-5735/2021,2021-12-09,2021-12,2021,['www.moshennik.eu'],.eu,Курчатовский районный суд г. Челябинска - Челябинская область
4017298,2а-5714/2021,2021-12-10,2021-12,2021,['74.med-i4ka.ru'],.ru,Калининский районный суд г. Челябинска - Челябинская область
3977916,2a-4664/2021,2021-12-14,2021-12,2021,['chelyabinsk.snus-land.ru'],.ru,Тракторозаводский районный суд г. Челябинска - Челябинская область
3904674,2a-719/2021,2021-12-14,2021-12,2021,['zlatoust.pr-13.com'],.com,Верхнеуфалейский городской суд - Челябинская область
3914322,2a-720/2021,2021-12-14,2021-12,2021,['individualki-zlatousta.ru'],.ru,Верхнеуфалейский городской суд - Челябинская область
3967371,2a-2513/2021,2021-12-20,2021-12,2021,['cashtopgold.com'],.com,Саткинский городской суд - Челябинская область
4455387,2a-9360/2021,2021-12-20,2021-12,2021,['rulibs.com'],.com,Центральный районный суд г. Челябинска - Челябинская область
4074916,2a-9360/2021,2021-12-20,2021-12,2021,['www.politexpert.org'],.org,Центральный районный суд г. Челябинска - Челябинская область
4086008,2a-9413/2021,2021-12-22,2021-12,2021,['az.b-ok.africa'],.africa,Центральный районный суд г. Челябинска - Челябинская область
4086252,2a-9412/2021,2021-12-22,2021-12,2021,['www.wotanjugend.info'],.info,Центральный районный суд г. Челябинска - Челябинская область
3992408,2a-1063/2021,2021-12-24,2021-12,2021,['kdotrans.ru'],.ru,Снежинский городской суд - Челябинская область
3971679,2a-57/2022,2022-01-10,2022-01,2022,['escortwoman.site'],.site,Еманжелинский городской суд - Челябинская область
4183510,2a-1195/2022,2022-01-10,2022-01,2022,['zalupok.net'],.net,Советский районный суд г. Челябинска - Челябинская область
4036520,2а-550/2022,2022-01-11,2022-01,2022,['www.ebyt.cc'],.cc,Ленинский районный суд г. Челябинска - Челябинская область
4207251,2a-1187/2022,2022-01-19,2022-01,2022,['www.trahru.vip'],.vip,Советский районный суд г. Челябинска - Челябинская область
4018244,2а-36/2022,2022-01-20,2022-01,2022,['mossprawka.24med.space'],.space,Нагайбакский районный суд - Челябинская область
4041085,2а-432/2022,2022-01-20,2022-01,2022,['chelyabinsk.medknizjki.ru'],.ru,Златоустовский городской суд - Челябинская область
4122250,2a-1889/2022,2022-01-21,2022-01,2022,['4pok-voronezh.com'],.com,Центральный районный суд г. Челябинска - Челябинская область
4507985,2а-1972/2022,2022-01-24,2022-01,2022,['www.maturepie.com'],.com,Центральный районный суд г. Челябинска - Челябинская область
4060903,2a-413/2022,2022-01-25,2022-01,2022,['magnitogorsk3.butterflies-495.com'],.com,Правобережный районный суд г. Магнитогорска - Челябинская область
4061000,2a-414/2022,2022-01-25,2022-01,2022,['gogo-magnitogorsk.com'],.com,Правобережный районный суд г. Магнитогорска - Челябинская область
4237630,2a-797/2022,2022-01-27,2022-01,2022,['zakaz-bolnjchnieh.com'],.com,Курчатовский районный суд г. Челябинска - Челябинская область
4168096,2a-793/2022,2022-01-27,2022-01,2022,['fap-guru.club'],.club,Курчатовский районный суд г. Челябинска - Челябинская область
4061851,2а-119/2022,2022-01-28,2022-01,2022,['s1.nsk54-sosamba.ru'],.ru,Снежинский городской суд - Челябинская область
4061979,2а-116/2022,2022-01-28,2022-01,2022,['pussy-kirov.top'],.top,Снежинский городской суд - Челябинская область
4056975,2а-120/2022,2022-01-28,2022-01,2022,['a.individualki-kogalim.ru'],.ru,Снежинский городской суд - Челябинская область
4090737,2a-1984/2022,2022-01-28,2022-01,2022,['www.freemomvids.com'],.com,Центральный районный суд г. Челябинска - Челябинская область
4085950,2a-927/2022,2022-01-28,2022-01,2022,['www.magicalspin.com'],.com,Курчатовский районный суд г. Челябинска - Челябинская область
4173435,2a-1924/2022,2022-02-01,2022-02,2022,['perdos.la'],.la,Центральный районный суд г. Челябинска - Челябинская область
4173570,2a-889/2022,2022-02-01,2022-02,2022,['orca88djig.online'],.online,Курчатовский районный суд г. Челябинска - Челябинская область
4176893,2a-1417/2022,2022-02-01,2022-02,2022,['brandbase.online'],.online,Центральный районный суд г. Челябинска - Челябинская область
4151814,2a-2081/2022,2022-02-01,2022-02,2022,['www.grannycinema.com'],.com,Центральный районный суд г. Челябинска - Челябинская область
4956289,2а-885/2022,2022-02-01,2022-02,2022,['www.katsubet.com'],.com,Курчатовский районный суд г. Челябинска - Челябинская область
4117400,2a-1922/2022,2022-02-01,2022-02,2022,['shlyuhivoronezh.me'],.me,Центральный районный суд г. Челябинска - Челябинская область
4090366,2a-1982/2022,2022-02-01,2022-02,2022,['babushki.online'],.online,Центральный районный суд г. Челябинска - Челябинская область
4173496,2a-1895/2022,2022-02-02,2022-02,2022,['individualki-voronezh.net'],.net,Центральный районный суд г. Челябинска - Челябинская область
4173421,2a-1894/2022,2022-02-02,2022-02,2022,['voronezh-individualki.com'],.com,Центральный районный суд г. Челябинска - Челябинская область
4085955,2a-2614/2022,2022-02-02,2022-02,2022,['nyagany.pr-13.com'],.com,Центральный районный суд г. Челябинска - Челябинская область
4080100,2a-124/2022,2022-02-04,2022-02,2022,['ebyri.com'],.com,Снежинский городской суд - Челябинская область
4086248,2a-166/2022,2022-02-04,2022-02,2022,['onion.worldguns.net'],.net,Еманжелинский городской суд - Челябинская область
4198384,2a-192/2022,2022-02-08,2022-02,2022,['foshlut.ru'],.ru,Коркинский городской суд - Челябинская область
4198311,2a-192/2022,2022-02-08,2022-02,2022,['girl.zauchek.net'],.net,Коркинский городской суд - Челябинская область
4200342,2a-191/2022,2022-02-08,2022-02,2022,['maxivk.ru'],.ru,Коркинский городской суд - Челябинская область
4215526,2a-1015/2022,2022-02-08,2022-02,2022,['gang-bang.info'],.info,Курчатовский районный суд г. Челябинска - Челябинская область
4199843,2a-186/2022,2022-02-08,2022-02,2022,['porostitki21.ru'],.ru,Коркинский городской суд - Челябинская область
4090506,2a-480/2022,2022-02-09,2022-02,2022,['www.uvelir.xyz'],.xyz,Саткинский городской суд - Челябинская область
4061148,б/н,2022-02-09,2022-02,2022,['ebalochka.com'],.com,Центральный районный суд г. Челябинска - Челябинская область
4228802,2a-437/2022,2022-02-09,2022-02,2022,['cprawci-online.co'],.co,Правобережный районный суд г. Магнитогорска - Челябинская область
4090284,2a-481/2022,2022-02-09,2022-02,2022,['darknet-biz.xyz'],.xyz,Саткинский городской суд - Челябинская область
4089494,2a-486/2022,2022-02-09,2022-02,2022,['under-mafia.xyz'],.xyz,Саткинский городской суд - Челябинская область
4142052,2a-981/2022,2022-02-11,2022-02,2022,['onaego.net'],.net,Курчатовский районный суд г. Челябинска - Челябинская область
4138009,2a-980/2022,2022-02-11,2022-02,2022,['casombie1.com'],.com,Курчатовский районный суд г. Челябинска - Челябинская область
4249217,2a-1189/2022,2022-02-15,2022-02,2022,['tabakerka-opt.org'],.org,Советский районный суд г. Челябинска - Челябинская область
4119193,2a-2688/2022,2022-02-17,2022-02,2022,['retro-porevo.com'],.com,Центральный районный суд г. Челябинска - Челябинская область
4090354,2a-155/2022,2022-02-17,2022-02,2022,['hunting-club.org'],.org,Аргаяшский районный суд - Челябинская область
4143298,2a-869/2022,2022-02-21,2022-02,2022,['strelguns.net'],.net,Копейский городской суд - Челябинская область
4378293,2а-1033/2022,2022-02-24,2022-02,2022,['indii-spb.com'],.com,Металлургический районный суд г. Челябинска - Челябинская область
4162591,2a-205/2022,2022-02-25,2022-02,2022,['kurskhotx.com'],.com,Снежинский городской суд - Челябинская область
4277287,2a-789/2022,2022-02-26,2022-02,2022,['gmsd4.me'],.me,Курчатовский районный суд г. Челябинска - Челябинская область
4200132,б/н,2022-02-28,2022-02,2022,['b.doc-medic.club'],.club,Центральный районный суд г. Челябинска - Челябинская область
4261933,2a-1226/2022,2022-03-01,2022-03,2022,['magick-gerl.org'],.org,Металлургический районный суд г. Челябинска - Челябинская область
4430017,2а-2587/2022,2022-03-02,2022-03,2022,['krasnodarki.us'],.us,Центральный районный суд г. Челябинска - Челябинская область
4235530,2a-1055/2022,2022-03-02,2022-03,2022,['girls007.net'],.net,Металлургический районный суд г. Челябинска - Челябинская область
4261050,2a-1230/2022,2022-03-02,2022-03,2022,['dark-empire.xyz'],.xyz,Металлургический районный суд г. Челябинска - Челябинская область
4156223,2a-3170/2022,2022-03-02,2022-03,2022,['ebyri.com'],.com,Центральный районный суд г. Челябинска - Челябинская область
4163934,2a-166/2022,2022-03-02,2022-03,2022,['strelguns.net'],.net,Еманжелинский городской суд - Челябинская область
4265631,2а-922/2022 ~ М-476/2022,2022-03-03,2022-03,2022,['hello2.x-chel.org'],.org,Копейский городской суд - Челябинская область
4163040,2a-101/2022,2022-03-04,2022-03,2022,['vipcu.ru'],.ru,Троицкий районный суд - Челябинская область
4195261,2a-104/2022,2022-03-04,2022-03,2022,['chelyabinsk.dipsale.net'],.net,Троицкий районный суд - Челябинская область
4230130,2a-549/2022,2022-03-04,2022-03,2022,['sochi.snus-mag-moskva.ru'],.ru,Озерский городской суд - Челябинская область
4156437,2a-1165/2022,2022-03-05,2022-03,2022,['kupite-pasport.com'],.com,Копейский городской суд - Челябинская область
4726976,2а-1486/2022,2022-03-09,2022-03,2022,['задрочи.mom'],.mom,Калининский районный суд г. Челябинска - Челябинская область
4676761,2а-1486/2022,2022-03-09,2022-03,2022,['секс.click'],.click,Калининский районный суд г. Челябинска - Челябинская область
4727104,2а-1486/2022,2022-03-09,2022-03,2022,['порно.today'],.today,Калининский районный суд г. Челябинска - Челябинская область
4472682,2а-1474/2022,2022-03-09,2022-03,2022,['ebalovo.adult'],.adult,Калининский районный суд г. Челябинска - Челябинская область
4261832,2a-1380/2022,2022-03-10,2022-03,2022,['chelyabinki.ru'],.ru,Металлургический районный суд г. Челябинска - Челябинская область
4228913,2a-1182/2022,2022-03-10,2022-03,2022,['crime-sity.xyz'],.xyz,Тракторозаводский районный суд г. Челябинска - Челябинская область
4205296,2a-3205/2022,2022-03-11,2022-03,2022,['b.doc-medic.club'],.club,Центральный районный суд г. Челябинска - Челябинская область
4207019,2a-3208/2022,2022-03-11,2022-03,2022,['transymoskvyhott.com'],.com,Центральный районный суд г. Челябинска - Челябинская область
4179208,2a-2605/2022,2022-03-14,2022-03,2022,['rostovchanok.pro'],.pro,Центральный районный суд г. Челябинска - Челябинская область
4179456,2a-2609/2022,2022-03-14,2022-03,2022,['individualki-gelengika.com'],.com,Центральный районный суд г. Челябинска - Челябинская область
4198585,2a-2003/2022,2022-03-14,2022-03,2022,['my.yaeby.org'],.org,Советский районный суд г. Челябинска - Челябинская область
4950040,2а-1658/2022,2022-03-17,2022-03,2022,['zrelki.top'],.top,Курчатовский районный суд г. Челябинска - Челябинская область
4454320,2а-1184/2022,2022-03-18,2022-03,2022,['chelyabinsk.study-docs24.com'],.com,Металлургический районный суд г. Челябинска - Челябинская область
4482862,2а-1680/2022,2022-03-22,2022-03,2022,['anomera.site'],.site,Калининский районный суд г. Челябинска - Челябинская область
4527885,2а-1640/2022,2022-03-24,2022-03,2022,['купить-госномер.рф'],.рф,Калининский районный суд г. Челябинска - Челябинская область
4614532,2а-1641/2022,2022-03-24,2022-03,2022,['nomera-auto.ru'],.ru,Калининский районный суд г. Челябинска - Челябинская область
4750982,2а-1644/2022,2022-03-24,2022-03,2022,['carnomer.su'],.su,Калининский районный суд г. Челябинска - Челябинская область
4528303,2а-1650/2022,2022-03-25,2022-03,2022,['autonomer777.ru'],.ru,Калининский районный суд г. Челябинска - Челябинская область
4253741,2a-586/2022,2022-03-25,2022-03,2022,['sam-poehall.com'],.com,Миасский городской суд - Челябинская область
4291580,2a-331/2022,2022-03-31,2022-03,2022,['karding-forum.xyz'],.xyz,Кыштымский городской суд - Челябинская область
4265158,2a-3177/2022,2022-03-31,2022-03,2022,['gaytyt.com'],.com,Центральный районный суд г. Челябинска - Челябинская область
4395346,2а-777/2022,2022-04-01,2022-04,2022,['nso5.girls-nsk.mobi'],.mobi,Правобережный районный суд г. Магнитогорска - Челябинская область
4285386,М-2029/2022,2022-04-04,2022-04,2022,['www.al-capone.xyz'],.xyz,Центральный районный суд г. Челябинска - Челябинская область
4267186,2a-1688/2022,2022-04-05,2022-04,2022,['club-golden.xyz'],.xyz,Курчатовский районный суд г. Челябинска - Челябинская область
4267300,2a-1691/2022,2022-04-05,2022-04,2022,['24wulk-clb.com'],.com,Курчатовский районный суд г. Челябинска - Челябинская область
4267416,2a-1691/2022,2022-04-05,2022-04,2022,['murmansk-trolleybus.ru'],.ru,Курчатовский районный суд г. Челябинска - Челябинская область
4291384,2a-1687/2022,2022-04-05,2022-04,2022,['vip-admiral-slots.com'],.com,Курчатовский районный суд г. Челябинска - Челябинская область
4304040,2a-309/2022,2022-04-06,2022-04,2022,['medicall-centr-zdorovie2.com'],.com,Еманжелинский городской суд - Челябинская область
4303619,2a-311/2022,2022-04-06,2022-04,2022,['medikalls-onlline-hubs2.com'],.com,Еманжелинский городской суд - Челябинская область
4401511,2а-1886/2022,2022-04-08,2022-04,2022,['bank-spravok-rf.ru'],.ru,Тракторозаводский районный суд г. Челябинска - Челябинская область
4400419,2а-201/2022,2022-04-11,2022-04,2022,['sprawki-online.co'],.co,Троицкий городской суд - Челябинская область
4513089,2а-226/2022,2022-04-12,2022-04,2022,['www.spravspb.com'],.com,Агаповский районный суд - Челябинская область
4583313,2а-1977/2022,2022-04-12,2022-04,2022,['m.big-boss.cc'],.cc,Советский районный суд г. Челябинска - Челябинская область
4396179,2а-1022/2022,2022-04-13,2022-04,2022,['rus-dlploms.com'],.com,Правобережный районный суд г. Магнитогорска - Челябинская область
4364531,2а-3175/2022,2022-04-13,2022-04,2022,['mybestgigolo.com'],.com,Центральный районный суд г. Челябинска - Челябинская область
4395204,2а-858/2022,2022-04-14,2022-04,2022,['p.real-chek.info'],.info,Саткинский городской суд - Челябинская область
4373801,2а-850/2022,2022-04-14,2022-04,2022,['newchekis1.ru'],.ru,Саткинский городской суд - Челябинская область
4477828,2а-868/2022,2022-04-15,2022-04,2022,['kassovyj-chek1.ru'],.ru,Саткинский городской суд - Челябинская область
4584788,2a-1670/2022,2022-04-15,2022-04,2022,['shopsrus.ru'],.ru,Советский районный суд г. Челябинска - Челябинская область
4395297,2а-869/2022,2022-04-15,2022-04,2022,['mos-checkk.ru'],.ru,Саткинский городской суд - Челябинская область
4395170,2а-862/2022,2022-04-15,2022-04,2022,['chelyabinsk.life-djplome.com'],.com,Саткинский городской суд - Челябинская область
4359714,2а-1194/2022,2022-04-15,2022-04,2022,['a.100spravok.com'],.com,Златоустовский городской суд - Челябинская область
4395447,2а-863/2022,2022-04-15,2022-04,2022,['v-c.shop'],.shop,Саткинский городской суд - Челябинская область
4395339,2а-866/2022,2022-04-15,2022-04,2022,['чек-челябинск.рф'],.рф,Саткинский городской суд - Челябинская область
4590208,2а-239/2022,2022-04-18,2022-04,2022,['gay-porevo.co'],.co,Еткульский районный суд - Челябинская область
4365321,М-2595/2022,2022-04-21,2022-04,2022,['j.avroramodels.net'],.net,Центральный районный суд г. Челябинска - Челябинская область
4384270,2а-4472/2022,2022-04-22,2022-04,2022,['b.doxy-chelyabinsk.net'],.net,Центральный районный суд г. Челябинска - Челябинская область
4351687,б/н,2022-04-22,2022-04,2022,['1.inkognito74.org'],.org,Центральный районный суд г. Челябинска - Челябинская область
4661954,2а-1196/2022,2022-04-25,2022-04,2022,['fidgets.santabean.ru'],.ru,Правобережный районный суд г. Магнитогорска - Челябинская область
4441783,2а-1171/2022,2022-04-26,2022-04,2022,['culmass.tlg.su'],.su,Правобережный районный суд г. Магнитогорска - Челябинская область
4378822,2а-997/2022,2022-04-26,2022-04,2022,['girl.krasotki-23.com'],.com,Озерский городской суд - Челябинская область
4378609,2а-999/2022,2022-04-26,2022-04,2022,['perm.снюс-москва.рф'],.рф,Озерский городской суд - Челябинская область
4509054,2а-1148/2022,2022-04-26,2022-04,2022,['mantia.elasticesh.ru'],.ru,Правобережный районный суд г. Магнитогорска - Челябинская область
4595404,2а-2020/2022,2022-04-28,2022-04,2022,['chelyabinsk.kupi-propisku.ru'],.ru,Металлургический районный суд г. Челябинска - Челябинская область
4352107,2а-1023/2022,2022-04-28,2022-04,2022,['x2.escort-krasnodar.com'],.com,Озерский городской суд - Челябинская область
4660193,2а-1167/2022,2022-04-29,2022-04,2022,['fiveses.ratingil.site'],.site,Правобережный районный суд г. Магнитогорска - Челябинская область
4610699,2а-2300/2022,2022-04-29,2022-04,2022,['rt.bongacams18.com'],.com,Калининский районный суд г. Челябинска - Челябинская область
4631271,2а-4163/2022,2022-04-29,2022-04,2022,['orsk2.pr-13.com'],.com,Центральный районный суд г. Челябинска - Челябинская область
4610487,2а-2300/2022,2022-04-29,2022-04,2022,['rt.bongacams18.com'],.com,Калининский районный суд г. Челябинска - Челябинская область
4660277,2а-1168/2022,2022-04-29,2022-04,2022,['cgevkoi.ngocongress.ru'],.ru,Правобережный районный суд г. Магнитогорска - Челябинская область
4465767,2а-1561/2022,2022-04-29,2022-04,2022,['cb.cheleba.vip'],.vip,Сосновский районный суд - Челябинская область
4598552,2а-2109/2022,2022-05-04,2022-05,2022,['chelyabinsk.vsem-propiski.ru'],.ru,Металлургический районный суд г. Челябинска - Челябинская область
4594927,2а-1915/2022,2022-05-04,2022-05,2022,['chelyabinsk.propiska-mvd.ru'],.ru,Металлургический районный суд г. Челябинска - Челябинская область
4594832,2а-1915/2022,2022-05-04,2022-05,2022,['chelyabinsk.propiska-online24.ru'],.ru,Металлургический районный суд г. Челябинска - Челябинская область
4609901,2а-2108/2022,2022-05-04,2022-05,2022,['chelyabinsk.propiska-24.ru'],.ru,Металлургический районный суд г. Челябинска - Челябинская область
4513081,2а-297/2022,2022-05-06,2022-05,2022,['2.geishi-vladimira.com'],.com,Снежинский городской суд - Челябинская область
4750552,2а-388/2022,2022-05-06,2022-05,2022,['pickupsluts.fun'],.fun,Кыштымский городской суд - Челябинская область
4512938,2а-296/2022,2022-05-06,2022-05,2022,['a.blagoveshtensk-individualka.ru'],.ru,Снежинский городской суд - Челябинская область
4715071,2а-380/2022,2022-05-06,2022-05,2022,['money-kard.xyz'],.xyz,Кыштымский городской суд - Челябинская область
4714043,2а-379/2022,2022-05-06,2022-05,2022,['www.antimigalki.org'],.org,Кыштымский городской суд - Челябинская область
4437502,2а-1312/2022,2022-05-11,2022-05,2022,['domdoveria1.ru'],.ru,Правобережный районный суд г. Магнитогорска - Челябинская область
4491031,2а-967/2022,2022-05-11,2022-05,2022,['krasnodarfeya.buzz'],.buzz,Озерский городской суд - Челябинская область
4465875,2а-251/2022,2022-05-12,2022-05,2022,['izumchik.com'],.com,Нагайбакский районный суд - Челябинская область
4660192,2а-1096/2022,2022-05-12,2022-05,2022,['magnitogorsk.soos.su'],.su,Правобережный районный суд г. Магнитогорска - Челябинская область
4512945,2а-1354/2022,2022-05-12,2022-05,2022,['magnitogorsk.avtostroypro.ru'],.ru,Правобережный районный суд г. Магнитогорска - Челябинская область
4455397,2а-804/2022,2022-05-13,2022-05,2022,['miass.snus-land.ru'],.ru,Миасский городской суд - Челябинская область
4455513,2а-804/2022,2022-05-13,2022-05,2022,['miass.snus-mag-moskva.ru'],.ru,Миасский городской суд - Челябинская область
4459889,2а-4769/2022,2022-05-13,2022-05,2022,['vorkuta.pr-13.com'],.com,Центральный районный суд г. Челябинска - Челябинская область
4655614,2а-2349/2022,2022-05-18,2022-05,2022,['go.mobile.cheleba.vip'],.vip,Калининский районный суд г. Челябинска - Челябинская область
4652551,2а-2339/2022,2022-05-18,2022-05,2022,['itimoc.ru'],.ru,Калининский районный суд г. Челябинска - Челябинская область
4505347,2а-415/2022,2022-05-19,2022-05,2022,['maxivk.ru'],.ru,Верхнеуфалейский городской суд - Челябинская область
4470732,2а-2062/2022 ~ М-1759/202,2022-05-20,2022-05,2022,['kopeysk.kdotrans.ru'],.ru,Копейский городской суд - Челябинская область
4470636,2а-2063/2022,2022-05-20,2022-05,2022,['lanpo.ru'],.ru,Копейский городской суд - Челябинская область
4466412,2а-2058/2022,2022-05-20,2022-05,2022,['kopeysk.maki-tour.ru'],.ru,Копейский городской суд - Челябинская область
4470779,2а-2065/2022 ~ М-1762/202,2022-05-20,2022-05,2022,['domdoveria1.ru'],.ru,Копейский городской суд - Челябинская область
4465876,2а-2054/2022,2022-05-20,2022-05,2022,['kopeysk.zhuksvadba.ru'],.ru,Копейский городской суд - Челябинская область
4429704,2а-2067/2022 ~ М-1764/202,2022-05-20,2022-05,2022,['chelyabinskaya-obl.realpussyindi.ru'],.ru,Копейский городской суд - Челябинская область
4430078,2а-2064/2022 ~ М-1761/202,2022-05-20,2022-05,2022,['nic-naukal.ru'],.ru,Копейский городской суд - Челябинская область
4465769,2а-2061/2022,2022-05-20,2022-05,2022,['kopeysk.magshina.ru'],.ru,Копейский городской суд - Челябинская область
4593348,2а-574/2022,2022-05-20,2022-05,2022,['chel.sam-poehald.com'],.com,Коркинский городской суд - Челябинская область
4619053,2а-2060/2022,2022-05-20,2022-05,2022,['kopeysk.avtostroypro.ru'],.ru,Копейский городской суд - Челябинская область
4508088,2а-4469/2022,2022-05-23,2022-05,2022,['om.sochinki.live'],.live,Центральный районный суд г. Челябинска - Челябинская область
4732104,2а-1450/2022,2022-05-24,2022-05,2022,['66.spravo4ki.ru'],.ru,Миасский городской суд - Челябинская область
5072398,,2022-05-25,2022-05,2022,['chelyabinsk.propiska-mama.ru'],.ru,Металлургический районный суд г. Челябинска - Челябинская область
5073878,2а-1930/2022,2022-05-25,2022-05,2022,['chelyabinsk.school-gu.ru'],.ru,Металлургический районный суд г. Челябинска - Челябинская область
4470849,2а-2126/2022 ~ М-1815/202,2022-05-25,2022-05,2022,['petancon.info'],.info,Копейский городской суд - Челябинская область
4470893,2а-2132/2022 ~ М-1821/202,2022-05-25,2022-05,2022,['kopeysk.roadcomfort.ru'],.ru,Копейский городской суд - Челябинская область
4507658,2а-2128/2022 ~ М-1817/202,2022-05-25,2022-05,2022,['liga-stydt.ru'],.ru,Копейский городской суд - Челябинская область
4507989,2а-2127/2022 ~ М-1816/202,2022-05-25,2022-05,2022,['maxivk.ru'],.ru,Копейский городской суд - Челябинская область
4508317,2а-2129/2022 ~ М-1818/202,2022-05-25,2022-05,2022,['highthost.ru'],.ru,Копейский городской суд - Челябинская область
4508414,2а-2130/2022 ~ М-1819/202,2022-05-25,2022-05,2022,['galereyaslava.ru'],.ru,Копейский городской суд - Челябинская область
4571559,2а-1459/2022,2022-05-26,2022-05,2022,['23.medspravo44ka.ru'],.ru,Миасский городской суд - Челябинская область
4639012,2а-2312/2022,2022-05-26,2022-05,2022,['msk.1000spravok-msk.com'],.com,Металлургический районный суд г. Челябинска - Челябинская область
4571626,2а-1459/2022,2022-05-26,2022-05,2022,['sprmarafon.ru'],.ru,Миасский городской суд - Челябинская область
4571784,2а-1407/2022,2022-05-26,2022-05,2022,['16i.spravo4kin.ru'],.ru,Миасский городской суд - Челябинская область
4727002,2а-1446/2022,2022-05-30,2022-05,2022,['a1.100spravok.com'],.com,Миасский городской суд - Челябинская область
4609368,2а-2513/2022,2022-05-30,2022-05,2022,['save-job-trud.ru'],.ru,Металлургический районный суд г. Челябинска - Челябинская область
4791711,2а-2873/2022,2022-05-30,2022-05,2022,['chelyabinsk.100балльныйрепетитор.рф'],.рф,Калининский районный суд г. Челябинска - Челябинская область
4790817,2а-2875/2022,2022-05-30,2022-05,2022,['vichlenitel.com'],.com,Калининский районный суд г. Челябинска - Челябинская область
4615227,2а-1554/2022,2022-05-30,2022-05,2022,['1.inkognito74.org'],.org,Сосновский районный суд - Челябинская область
4730656,2а-4424/2022,2022-05-30,2022-05,2022,['j.avroramodels.net'],.net,Центральный районный суд г. Челябинска - Челябинская область
4590192,2а-2213/2022,2022-06-01,2022-06,2022,['direct-chelyabinsk.alco.rehab'],.rehab,Советский районный суд г. Челябинска - Челябинская область
4589518,2а-2585/2022,2022-06-02,2022-06,2022,['pharaon-bet.net'],.net,Курчатовский районный суд г. Челябинска - Челябинская область
4655866,2а-2502/2022,2022-06-02,2022-06,2022,['crime-cash.xyz'],.xyz,Тракторозаводский районный суд г. Челябинска - Челябинская область
4731980,2а-2499/2022,2022-06-02,2022-06,2022,['vuzinfo-1y.net'],.net,Тракторозаводский районный суд г. Челябинска - Челябинская область
4622135,2а-2500/2022,2022-06-02,2022-06,2022,['darkshop-alliance.xyz'],.xyz,Тракторозаводский районный суд г. Челябинска - Челябинская область
4880427,2а-2362/2022,2022-06-07,2022-06,2022,['a.100spravok.com'],.com,Металлургический районный суд г. Челябинска - Челябинская область
4621711,2а-2475/2022,2022-06-09,2022-06,2022,['2022doks.xyz'],.xyz,Тракторозаводский районный суд г. Челябинска - Челябинская область
4718660,2а-2474/2022,2022-06-09,2022-06,2022,['zaliv-on.xyz'],.xyz,Тракторозаводский районный суд г. Челябинска - Челябинская область
4705037,2а-489/2022,2022-06-09,2022-06,2022,['cb.cheleba.vip'],.vip,Агаповский районный суд - Челябинская область
4588629,2а-2658/2022,2022-06-10,2022-06,2022,['winningmoneys.xyz'],.xyz,Курчатовский районный суд г. Челябинска - Челябинская область
4588544,2а-2659/2022,2022-06-10,2022-06,2022,['goldcup365.com'],.com,Курчатовский районный суд г. Челябинска - Челябинская область
4590040,2а-2656/2022,2022-06-10,2022-06,2022,['vavada-play.co'],.co,Курчатовский районный суд г. Челябинска - Челябинская область
4641171,2а-2645/2022,2022-06-10,2022-06,2022,['www.quora.com'],.com,Металлургический районный суд г. Челябинска - Челябинская область
4590141,2а-2656/2022,2022-06-10,2022-06,2022,['cazino-vavada.net'],.net,Курчатовский районный суд г. Челябинска - Челябинская область
4713911,2а-2855/2022,2022-06-14,2022-06,2022,['mosmedik.org'],.org,Калининский районный суд г. Челябинска - Челябинская область
4732174,2а-423/2022,2022-06-14,2022-06,2022,['chelyabinsk.poluchideplom.com'],.com,Каслинский городской суд - Челябинская область
4671528,2а-4777/2022,2022-06-14,2022-06,2022,['b.ashoo.nl'],.nl,Центральный районный суд г. Челябинска - Челябинская область
4750585,2а-2887/2022,2022-06-15,2022-06,2022,['telkymsk.com'],.com,Калининский районный суд г. Челябинска - Челябинская область
4743576,2а-2880/2022,2022-06-15,2022-06,2022,['rk.ua'],.ua,Металлургический районный суд г. Челябинска - Челябинская область
4682490,2а-2536/2022,2022-06-17,2022-06,2022,['ru.pdfdrive.com'],.com,Металлургический районный суд г. Челябинска - Челябинская область
4641574,2а-2996/2022,2022-06-21,2022-06,2022,['tehosmotronline-2022.ru'],.ru,Курчатовский районный суд г. Челябинска - Челябинская область
4763754,2а-1922/2022,2022-06-21,2022-06,2022,['bolnichnyjo-list.com'],.com,Миасский городской суд - Челябинская область
4819986,2а-2885/2022,2022-06-22,2022-06,2022,['ru.b-ok.cc'],.cc,Металлургический районный суд г. Челябинска - Челябинская область
4605873,2а-5612/2022,2022-06-22,2022-06,2022,['sneghinsk.soos.su'],.su,Центральный районный суд г. Челябинска - Челябинская область
4816026,2а-2884/2022,2022-06-22,2022-06,2022,['eu1lib.org'],.org,Металлургический районный суд г. Челябинска - Челябинская область
4705043,2а-1838/2022,2022-06-22,2022-06,2022,['zlatoust.nezaberete.ru'],.ru,Златоустовский городской суд - Челябинская область
4699866,2а-1834/2022,2022-06-22,2022-06,2022,['zlatoust.eicc.ru'],.ru,Златоустовский городской суд - Челябинская область
4819901,2а-2885/2022,2022-06-22,2022-06,2022,['b-ok.asia'],.asia,Металлургический районный суд г. Челябинска - Челябинская область
4621687,2а-5659/2022,2022-06-23,2022-06,2022,['sib.sibirki.su'],.su,Центральный районный суд г. Челябинска - Челябинская область
4803511,2а-2721/2022,2022-06-24,2022-06,2022,['diplworld.com'],.com,Ленинский районный суд г. Челябинска - Челябинская область
4640846,2а-2847/2022,2022-06-24,2022-06,2022,['online-rv.net'],.net,Курчатовский районный суд г. Челябинска - Челябинская область
4641071,2а-2854/2022,2022-06-24,2022-06,2022,['www.vostokkazino.net'],.net,Курчатовский районный суд г. Челябинска - Челябинская область
4640847,2а-2851/2022,2022-06-24,2022-06,2022,['wy1kan-royal777.org'],.org,Курчатовский районный суд г. Челябинска - Челябинская область
4671538,2а-1739/2022,2022-06-24,2022-06,2022,['diplatte24.com'],.com,Миасский городской суд - Челябинская область
4747670,2а-2697/2022,2022-06-27,2022-06,2022,['b-ok.global'],.global,Металлургический районный суд г. Челябинска - Челябинская область
4747188,2а-2698/2022,2022-06-27,2022-06,2022,['ru.b-ok.com'],.com,Металлургический районный суд г. Челябинска - Челябинская область
4750504,2а-2700/2022,2022-06-27,2022-06,2022,['b-ok.global'],.global,Металлургический районный суд г. Челябинска - Челябинская область
4747285,2а-2698/2022,2022-06-27,2022-06,2022,['ru.b-ok.cc'],.cc,Металлургический районный суд г. Челябинска - Челябинская область
4750586,2а-2700/2022,2022-06-27,2022-06,2022,['b-ok.asia'],.asia,Металлургический районный суд г. Челябинска - Челябинская область
4746994,2а-2697/2022,2022-06-27,2022-06,2022,['b-ok.org'],.org,Металлургический районный суд г. Челябинска - Челябинская область
4639374,2а-3340/2022,2022-06-27,2022-06,2022,['bdf-club.cc'],.cc,Советский районный суд г. Челябинска - Челябинская область
4638856,2а-3340/2022,2022-06-27,2022-06,2022,['darknet-bank.xyz'],.xyz,Советский районный суд г. Челябинска - Челябинская область
4639371,2а-3334/2022,2022-06-27,2022-06,2022,['ebunpro.net'],.net,Советский районный суд г. Челябинска - Челябинская область
4639291,2а-3336/2022,2022-06-27,2022-06,2022,['boarddark.club'],.club,Советский районный суд г. Челябинска - Челябинская область
4638859,2а-3339/2022,2022-06-27,2022-06,2022,['1.inkognito74.org'],.org,Советский районный суд г. Челябинска - Челябинская область
4639215,2а-3336/2022,2022-06-27,2022-06,2022,['h0st2.cc'],.cc,Советский районный суд г. Челябинска - Челябинская область
4560558,2а-2536/2022,2022-06-28,2022-06,2022,['drevtorg.online'],.online,Копейский городской суд - Челябинская область
4571613,2а-2534/2022 ~ М-2224/2022,2022-06-28,2022-06,2022,['domdoveria1.ru'],.ru,Копейский городской суд - Челябинская область
4590286,2а-2533/2022,2022-06-28,2022-06,2022,['dlyavkontakte.ru'],.ru,Копейский городской суд - Челябинская область
4676976,2а-1802/2022,2022-06-28,2022-06,2022,['miass.school-gu.ru'],.ru,Миасский городской суд - Челябинская область
4768603,2а-5095/2022,2022-06-29,2022-06,2022,['ru1.sprav178.com'],.com,Центральный районный суд г. Челябинска - Челябинская область
4697486,2а-2696/2022,2022-07-01,2022-07,2022,['групповуха.net'],.net,Ленинский районный суд г. Челябинска - Челябинская область
4621547,2а-5936/2022,2022-07-01,2022-07,2022,['a.doxy-msk.com'],.com,Центральный районный суд г. Челябинска - Челябинская область
4652592,б/н,2022-07-01,2022-07,2022,['s.medknizhka.net'],.net,Центральный районный суд г. Челябинска - Челябинская область
5040980,2а-3074/2022,2022-07-04,2022-07,2022,['vulkan-russia.name'],.name,Курчатовский районный суд г. Челябинска - Челябинская область
5040604,2а-3073/2022,2022-07-04,2022-07,2022,['vulkanking.org'],.org,Курчатовский районный суд г. Челябинска - Челябинская область
5175348,2а-3075/2022,2022-07-04,2022-07,2022,['1xbet-rega.ru'],.ru,Курчатовский районный суд г. Челябинска - Челябинская область
4605862,2а-2630/2022,2022-07-05,2022-07,2022,['cc.cheleba.vip'],.vip,Копейский городской суд - Челябинская область
4605741,2а-2628/2022,2022-07-05,2022-07,2022,['f.doxy-chelyabinsk.net'],.net,Копейский городской суд - Челябинская область
4791916,2а-3323/2022,2022-07-05,2022-07,2022,['gor4iza.com'],.com,Калининский районный суд г. Челябинска - Челябинская область
4594830,2а-1872/2022,2022-07-06,2022-07,2022,['admkargat.ru'],.ru,Правобережный районный суд г. Магнитогорска - Челябинская область
4704901,2а-630/2022,2022-07-06,2022-07,2022,['magnitogorsk.sam-poehald.com'],.com,Агаповский районный суд - Челябинская область
4688501,2а-351/2022,2022-07-07,2022-07,2022,['medcpravky.co'],.co,Нагайбакский районный суд - Челябинская область
4786003,2а-2585/2022,2022-07-11,2022-07,2022,['zaborona.com'],.com,Металлургический районный суд г. Челябинска - Челябинская область
4626233,2а-748/2022,2022-07-12,2022-07,2022,['passport-rf.online'],.online,Еманжелинский городской суд - Челябинская область
4785915,2а-1801/2022,2022-07-12,2022-07,2022,['unigrp.ubody.info'],.info,Правобережный районный суд г. Магнитогорска - Челябинская область
4704920,2а-2127/2022,2022-07-12,2022-07,2022,['flagma.de'],.de,Златоустовский городской суд - Челябинская область
4735514,2а-374/2022,2022-07-13,2022-07,2022,['2022.kupit-pasport-rf.online'],.online,Усть-Катавский городской суд - Челябинская область
4639286,2а-2649/2022,2022-07-13,2022-07,2022,['2.inkognito74.org'],.org,Копейский городской суд - Челябинская область
4656840,2а-2758/2022,2022-07-13,2022-07,2022,['rus-boy.ru'],.ru,Копейский городской суд - Челябинская область
4771749,2а-1854/2022,2022-07-15,2022-07,2022,['magnitogorsk.sam-poehald.com'],.com,Правобережный районный суд г. Магнитогорска - Челябинская область
4754106,2а-1568/2022,2022-07-15,2022-07,2022,['fog.ac'],.ac,Саткинский городской суд - Челябинская область
4734497,2а-385/2022,2022-07-15,2022-07,2022,['a.semyanich-shop-1.world'],.world,Усть-Катавский городской суд - Челябинская область
4727731,2а-5995/2022,2022-07-15,2022-07,2022,['sweet.74girls.com'],.com,Центральный районный суд г. Челябинска - Челябинская область
4734606,2а-386/2022,2022-07-15,2022-07,2022,['a.semyanich-forum-15.xyz'],.xyz,Усть-Катавский городской суд - Челябинская область
4655867,2а-2787/2022 ~ М-2560/202,2022-07-15,2022-07,2022,['gunzi-sallings.ru'],.ru,Копейский городской суд - Челябинская область
4775549,2а-2930/2022,2022-07-15,2022-07,2022,['ru.b-ok.cc'],.cc,Металлургический районный суд г. Челябинска - Челябинская область
4734834,2а-388/2022,2022-07-15,2022-07,2022,['a.semenarnia-semena-7.life'],.life,Усть-Катавский городской суд - Челябинская область
4728407,2а-1886/2022,2022-07-15,2022-07,2022,['bel-cosmetics.ru'],.ru,Правобережный районный суд г. Магнитогорска - Челябинская область
4734564,б/н,2022-07-18,2022-07,2022,['kamensk-uralyskiy.pr-13.com'],.com,Центральный районный суд г. Челябинска - Челябинская область
4755431,2а-826/2022,2022-07-18,2022-07,2022,['sib.sibirki.su'],.su,Коркинский городской суд - Челябинская область
4743515,2а-836/2022,2022-07-18,2022-07,2022,['porostilki22.ru'],.ru,Коркинский городской суд - Челябинская область
4727374,б/н,2022-07-18,2022-07,2022,['dolinalubovi.org'],.org,Центральный районный суд г. Челябинска - Челябинская область
4735259,б/н,2022-07-18,2022-07,2022,['go.mobile.cheleba.vip'],.vip,Центральный районный суд г. Челябинска - Челябинская область
4647694,2а-2853/2022 ~ М-2600/202,2022-07-19,2022-07,2022,['i.ashoo.nl'],.nl,Копейский городской суд - Челябинская область
4887961,2а-3304/2022,2022-07-19,2022-07,2022,['ulyanovskhotx.com'],.com,Калининский районный суд г. Челябинска - Челябинская область
4734068,2а-1518/2022,2022-07-19,2022-07,2022,['darkstore.club'],.club,Озерский городской суд - Челябинская область
4734705,2а-1519/2022,2022-07-19,2022-07,2022,['antimigalki.space'],.space,Озерский городской суд - Челябинская область
4732198,2а-5198/2022,2022-07-20,2022-07,2022,['prostutytkiruc.org'],.org,Центральный районный суд г. Челябинска - Челябинская область
4682281,2а-457/2022,2022-07-20,2022-07,2022,['yughnouralysk.soos.su'],.su,Увельский районный суд - Челябинская область
4692483,2а-745/2022,2022-07-20,2022-07,2022,['ru.trovit.com'],.com,Верхнеуфалейский городской суд - Челябинская область
4700093,2А-2219/2022,2022-07-21,2022-07,2022,['zlatoust.sam-poehald.com'],.com,Златоустовский городской суд - Челябинская область
4747206,2а-853/2022,2022-07-21,2022-07,2022,['vam-blank.org'],.org,Коркинский городской суд - Челябинская область
4803393,2а-3063/2022,2022-07-21,2022-07,2022,['ebarus.top'],.top,Ленинский районный суд г. Челябинска - Челябинская область
4687382,2а-479/2022,2022-07-21,2022-07,2022,['ooshnovosel.ru'],.ru,Увельский районный суд - Челябинская область
4804593,2а-2939/2022,2022-07-22,2022-07,2022,['cmeuku.ny3blpuku.cc'],.cc,Ленинский районный суд г. Челябинска - Челябинская область
4662030,2а-1033/2022,2022-07-22,2022-07,2022,['darkshop-bay.xyz'],.xyz,Кыштымский городской суд - Челябинская область
4810770,2а-1832/2022,2022-07-22,2022-07,2022,['zlatoust.dbalet.ru'],.ru,Златоустовский городской суд - Челябинская область
4746302,2а-869/2022,2022-07-25,2022-07,2022,['l.avroramodels.net'],.net,Коркинский городской суд - Челябинская область
4750265,2а-868/2022,2022-07-25,2022-07,2022,['theatretabard.org'],.org,Коркинский городской суд - Челябинская область
4750421,2а-868/2022,2022-07-25,2022-07,2022,['novgela2250.info'],.info,Коркинский городской суд - Челябинская область
4750345,2а-868/2022,2022-07-25,2022-07,2022,['gimtaz.dometa.info'],.info,Коркинский городской суд - Челябинская область
4887691,2а-3295/2022,2022-07-26,2022-07,2022,['t.fastworks.click'],.click,Калининский районный суд г. Челябинска - Челябинская область
4709434,2а-1591/2022,2022-07-26,2022-07,2022,['saratov.sam-poehald.com'],.com,Озерский городской суд - Челябинская область
4709618,2а-1477/2022,2022-07-26,2022-07,2022,['krasnodar.sam-poehald.com'],.com,Озерский городской суд - Челябинская область
4857470,2а-3299/2022,2022-07-26,2022-07,2022,['gosnom.ru'],.ru,Калининский районный суд г. Челябинска - Челябинская область
4719448,2а-1441/2022,2022-07-26,2022-07,2022,['trudovaya-savejob.ru'],.ru,Озерский городской суд - Челябинская область
5068058,2а-3298/2022,2022-07-26,2022-07,2022,['specznak777.ru'],.ru,Калининский районный суд г. Челябинска - Челябинская область
4791792,2а-3265/2022,2022-07-26,2022-07,2022,['chelyabinsk.praspec.com'],.com,Калининский районный суд г. Челябинска - Челябинская область
5212856,2а-3297/2022,2022-07-26,2022-07,2022,['m1.справка-в-бассейн-с-доставкой.рф'],.рф,Калининский районный суд г. Челябинска - Челябинская область
4709346,2а-1596/2022,2022-07-27,2022-07,2022,['ru.udostovereniemsk99.com'],.com,Озерский городской суд - Челябинская область
4754583,2а-3100/2022,2022-07-28,2022-07,2022,['ssledyss55.com'],.com,Тракторозаводский районный суд г. Челябинска - Челябинская область
4753977,2а-3096/2022,2022-07-28,2022-07,2022,['solikamsk.pr-13.com'],.com,Тракторозаводский районный суд г. Челябинска - Челябинская область
4754716,2а-3101/2022,2022-07-28,2022-07,2022,['x6.malvinki.net'],.net,Тракторозаводский районный суд г. Челябинска - Челябинская область
4887410,2а-3801/2022,2022-07-29,2022-07,2022,['l.avroramodels.net'],.net,Калининский районный суд г. Челябинска - Челябинская область
4804499,2а-3478/2022,2022-07-29,2022-07,2022,['svoikur.com'],.com,Советский районный суд г. Челябинска - Челябинская область
4743161,2а-697/2022,2022-07-29,2022-07,2022,['magnitogorsk.pr-13.com'],.com,Агаповский районный суд - Челябинская область
4891980,2а-3800/2022,2022-07-29,2022-07,2022,['magadan.soos.su'],.su,Калининский районный суд г. Челябинска - Челябинская область
4750561,2а-278/2022,2022-07-29,2022-07,2022,['komsomolka.work'],.work,Уйский районный суд - Челябинская область
4746598,2а-700/2022,2022-07-29,2022-07,2022,['indi-magnitogorska.com'],.com,Агаповский районный суд - Челябинская область
4963559,2а-705/2022,2022-07-29,2022-07,2022,['x3.escort-sterlitamak.com'],.com,Агаповский районный суд - Челябинская область
4786260,2а-547/2022,2022-07-29,2022-07,2022,['vologda-individualka.ru'],.ru,Снежинский городской суд - Челябинская область
4755162,2а-697/2022,2022-07-29,2022-07,2022,['magnitogorsk.superindi.com'],.com,Агаповский районный суд - Челябинская область
5097615,2а-2124/2022,2022-08-01,2022-08,2022,['s3.100медсправок.рф'],.рф,Правобережный районный суд г. Магнитогорска - Челябинская область
4798758,2а-3351/2022,2022-08-02,2022-08,2022,['hello3.x-chel.org'],.org,Металлургический районный суд г. Челябинска - Челябинская область
4917517,2а-401/2022,2022-08-02,2022-08,2022,['d.cheki-rf.club'],.club,Варненский районный суд - Челябинская область
4887489,2а-3818/2022,2022-08-02,2022-08,2022,['cooltimes.info'],.info,Калининский районный суд г. Челябинска - Челябинская область
4686891,2а-1513/2022,2022-08-02,2022-08,2022,['magnitogorsk-kalyanika.ru'],.ru,Ленинский районный суд г. Магнитогорска - Челябинская область
4887550,2а-3812/2022,2022-08-02,2022-08,2022,['elki-palki-ufa.ru'],.ru,Калининский районный суд г. Челябинска - Челябинская область
4891814,2а-3819/2022,2022-08-02,2022-08,2022,['paosic.info'],.info,Калининский районный суд г. Челябинска - Челябинская область
4792218,2а-2769/2022,2022-08-02,2022-08,2022,['f-escort.com'],.com,Копейский городской суд - Челябинская область
4768518,2а-5879/2022,2022-08-02,2022-08,2022,['medknigka-voronezh.top'],.top,Центральный районный суд г. Челябинска - Челябинская область
4937006,2а-3816/2022,2022-08-02,2022-08,2022,['uchali.led-police.ru'],.ru,Калининский районный суд г. Челябинска - Челябинская область
4916108,2а-397/2022,2022-08-02,2022-08,2022,['2022.kupit-pasport-rf.online'],.online,Варненский районный суд - Челябинская область
4917668,2а-401/2022,2022-08-02,2022-08,2022,['xn----ctbjbpl9bwc.xn--p1ai'],,Варненский районный суд - Челябинская область
4930752,2а-2304/2022,2022-08-03,2022-08,2022,['g.zakazatcheki.ru'],.ru,Сосновский районный суд - Челябинская область
5073845,2а-3830/2022,2022-08-03,2022-08,2022,['xkunik.net'],.net,Советский районный суд г. Челябинска - Челябинская область
5329928,2а-3820/2022,2022-08-03,2022-08,2022,['xix.rusoska.net'],.net,Советский районный суд г. Челябинска - Челябинская область
5172631,2а-3820/2022,2022-08-03,2022-08,2022,['xax.rusoska.net'],.net,Советский районный суд г. Челябинска - Челябинская область
5243324,2а-3820/2022,2022-08-03,2022-08,2022,['xox.rusoska.net'],.net,Советский районный суд г. Челябинска - Челябинская область
4982556,2а-3820/2022,2022-08-03,2022-08,2022,['wvw.rusoska.net'],.net,Советский районный суд г. Челябинска - Челябинская область
5293920,2а-3820/2022,2022-08-03,2022-08,2022,['xex.rusoska.net'],.net,Советский районный суд г. Челябинска - Челябинская область
4759533,2а-3501/2022,2022-08-04,2022-08,2022,['www.2022ebyt.com'],.com,Советский районный суд г. Челябинска - Челябинская область
4714533,2а-836/2022,2022-08-04,2022-08,2022,['emanzhelinsk.bezpravrf.com'],.com,Еманжелинский городской суд - Челябинская область
4759515,2а-3863/2022,2022-08-04,2022-08,2022,['crime-drop.xyz'],.xyz,Советский районный суд г. Челябинска - Челябинская область
4804596,2а-3339/2022,2022-08-04,2022-08,2022,['poltavawave.com.ua'],.ua,Металлургический районный суд г. Челябинска - Челябинская область
4755524,2а-3499/2022,2022-08-04,2022-08,2022,['in.ufavip.best'],.best,Советский районный суд г. Челябинска - Челябинская область
4759655,2а-3501/2022,2022-08-04,2022-08,2022,['pro-eb.com'],.com,Советский районный суд г. Челябинска - Челябинская область
4843599,2а-3498/2022,2022-08-04,2022-08,2022,['x5.malvinki.net'],.net,Советский районный суд г. Челябинска - Челябинская область
4798498,2а-1507/2022,2022-08-05,2022-08,2022,['volgograd.sam-poehald.com'],.com,Озерский городской суд - Челябинская область
4785618,2а-748/2022,2022-08-05,2022-08,2022,['passport-rf.online'],.online,Еманжелинский городской суд - Челябинская область
4786864,2а-574/2022,2022-08-05,2022-08,2022,['individualki-vologda.top'],.top,Снежинский городской суд - Челябинская область
4787154,2а-749/2022,2022-08-05,2022-08,2022,['sher-lok.online'],.online,Еманжелинский городской суд - Челябинская область
5125503,2а-601/2022,2022-08-05,2022-08,2022,['b1.individualki-ufa-foto.top'],.top,Снежинский городской суд - Челябинская область
5187515,2а-4036/2022,2022-08-08,2022-08,2022,['oo.100-spravok.pro'],.pro,Курчатовский районный суд г. Челябинска - Челябинская область
4746261,2а-1050/2022,2022-08-08,2022-08,2022,['molodushki.com'],.com,Чебаркульский городской суд - Челябинская область
4792393,2а-3248/2022,2022-08-09,2022-08,2022,['kopeysk.pr-13.com'],.com,Копейский городской суд - Челябинская область
4718779,2а-3221/2022,2022-08-09,2022-08,2022,['vekneo.ru'],.ru,Копейский городской суд - Челябинская область
4718727,2а-3227/2022,2022-08-09,2022-08,2022,['azathioprinimure.website'],,Копейский городской суд - Челябинская область
4713826,2а-1607/2022 ~ М-1284/202,2022-08-09,2022-08,2022,['hookah-cat.store'],.store,Ленинский районный суд г. Магнитогорска - Челябинская область
4791824,2а-3246/2022,2022-08-09,2022-08,2022,['kopeysk.soos.su'],.su,Копейский городской суд - Челябинская область
4792105,2а-3250/2022,2022-08-09,2022-08,2022,['kopeysk.dlyavkontakte.ru'],.ru,Копейский городской суд - Челябинская область
4843932,2а-3708/2022,2022-08-11,2022-08,2022,['magazin1.replicano.org'],.org,Советский районный суд г. Челябинска - Челябинская область
4773149,2а-1537/2022,2022-08-11,2022-08,2022,['magnitogorsk.kalyan4-y.ru'],.ru,Ленинский районный суд г. Магнитогорска - Челябинская область
4981456,2а-6155/2022,2022-08-11,2022-08,2022,['nimfomanki.tel'],.tel,Центральный районный суд г. Челябинска - Челябинская область
4875940,2а-3834/2022,2022-08-11,2022-08,2022,['darkstore.club'],.club,Советский районный суд г. Челябинска - Челябинская область
5061867,2а-5992/2022,2022-08-11,2022-08,2022,['msk6.otsos18.com'],.com,Центральный районный суд г. Челябинска - Челябинская область
4820864,2а-1185/2022,2022-08-12,2022-08,2022,['gunzi-sallings.ru'],.ru,Кыштымский городской суд - Челябинская область
4938012,2а-3395/2022,2022-08-15,2022-08,2022,['oruzheynikben.net'],.net,Металлургический районный суд г. Челябинска - Челябинская область
4811159,2а-447/2022,2022-08-15,2022-08,2022,['bubu.pro'],.pro,Нагайбакский районный суд - Челябинская область
4811318,2а-448/2022,2022-08-15,2022-08,2022,['www.ru-xchat.com'],.com,Нагайбакский районный суд - Челябинская область
4825218,2а-400/2022,2022-08-15,2022-08,2022,['pribor.website'],,Троицкий районный суд - Челябинская область
4815266,2а-2413/2022,2022-08-15,2022-08,2022,['ukraina.import-v-rossiu.ru'],.ru,Златоустовский городской суд - Челябинская область
5193952,2а-763/2022,2022-08-15,2022-08,2022,['flagma.es'],.es,Кунашакский районный суд - Челябинская область
4820716,2а-3396/2022,2022-08-15,2022-08,2022,['sykhiv.media'],.media,Металлургический районный суд г. Челябинска - Челябинская область
4887768,2а-3305/2022,2022-08-16,2022-08,2022,['telkipiter.org'],.org,Калининский районный суд г. Челябинска - Челябинская область
4888174,2а-3984/2022,2022-08-16,2022-08,2022,['you.pr-anket.com'],.com,Калининский районный суд г. Челябинска - Челябинская область
4837461,2а-1544/2022,2022-08-17,2022-08,2022,['moon.sb'],.sb,Саткинский городской суд - Челябинская область
4837469,2а-1543/2022,2022-08-17,2022-08,2022,['droping-pro.ru'],.ru,Саткинский городской суд - Челябинская область
4838124,2а-1548/2022,2022-08-17,2022-08,2022,['topcarding-sng.ru'],.ru,Саткинский городской суд - Челябинская область
4837793,2а-1549/2022,2022-08-17,2022-08,2022,['bakal.rusdocuments.com'],.com,Саткинский городской суд - Челябинская область
4837682,2а-1541/2022,2022-08-17,2022-08,2022,['www.captain-rich.xyz'],.xyz,Саткинский городской суд - Челябинская область
4838013,2а-1540/2022,2022-08-17,2022-08,2022,['linkin.group'],.group,Саткинский городской суд - Челябинская область
4837900,2а-1542/2022,2022-08-17,2022-08,2022,['novara.biz'],.biz,Саткинский городской суд - Челябинская область
4842893,2а-1614/2022,2022-08-17,2022-08,2022,['kalyanrao.ru'],.ru,Ленинский районный суд г. Магнитогорска - Челябинская область
4837577,2а-1546/2022,2022-08-17,2022-08,2022,['procrd.pw'],.pw,Саткинский городской суд - Челябинская область
4968651,2а-6234/2022,2022-08-18,2022-08,2022,['kamensk-uralyskiy1.pr-13.com'],.com,Центральный районный суд г. Челябинска - Челябинская область
4830545,2а-6222/2022,2022-08-18,2022-08,2022,['magnitogorsk.superindi.com'],.com,Центральный районный суд г. Челябинска - Челябинская область
4830464,2а-6222/2022,2022-08-18,2022-08,2022,['magnitogorsk.individualka-tut.com'],.com,Центральный районный суд г. Челябинска - Челябинская область
4857494,2а-6217/2022,2022-08-18,2022-08,2022,['meds.shopsprawki.top'],.top,Центральный районный суд г. Челябинска - Челябинская область
4819450,2а-3369/2022,2022-08-18,2022-08,2022,['magnitogorsk.praspec.com'],.com,Металлургический районный суд г. Челябинска - Челябинская область
4917087,2а-3710/2022,2022-08-19,2022-08,2022,['shop.домэлитныхчасовтут.рф'],.рф,Советский районный суд г. Челябинска - Челябинская область
4974952,2а-6206/2022,2022-08-19,2022-08,2022,['zlatoust1.soos.su'],.su,Центральный районный суд г. Челябинска - Челябинская область
4830462,2а-6208/2022,2022-08-19,2022-08,2022,['p.ashoo.nl'],.nl,Центральный районный суд г. Челябинска - Челябинская область
4764423,2а-3890/2022,2022-08-22,2022-08,2022,['vulkanclb.co'],.co,Курчатовский районный суд г. Челябинска - Челябинская область
4882579,2а-4046/2022,2022-08-22,2022-08,2022,['tobtab.ru'],.ru,Советский районный суд г. Челябинска - Челябинская область
4882062,2а-4045/2022,2022-08-22,2022-08,2022,['sigarety.pro'],.pro,Советский районный суд г. Челябинска - Челябинская область
4763678,2а-3889/2022,2022-08-22,2022-08,2022,['www.pin-up328.com'],.com,Курчатовский районный суд г. Челябинска - Челябинская область
4843595,2а-3267/2022,2022-08-24,2022-08,2022,['kaluga1.rusudo.com'],.com,Калининский районный суд г. Челябинска - Челябинская область
4876390,2а-4066/2022,2022-08-24,2022-08,2022,['babenki.info'],.info,Советский районный суд г. Челябинска - Челябинская область
4876381,2а-4060/2022,2022-08-24,2022-08,2022,['russianspycam.com'],.com,Советский районный суд г. Челябинска - Челябинская область
4837908,2а-688/2022,2022-08-25,2022-08,2022,['old-biz.ru'],.ru,Агаповский районный суд - Челябинская область
4820694,2а-452/2022,2022-08-25,2022-08,2022,['eroticlab.cc'],.cc,Троицкий районный суд - Челябинская область
4838017,2а-688/2022,2022-08-25,2022-08,2022,['crime-card.ru'],.ru,Агаповский районный суд - Челябинская область
5197125,2а-630/2022,2022-08-25,2022-08,2022,['lyricsreal.com'],.com,Каслинский городской суд - Челябинская область
4838128,2а-688/2022,2022-08-25,2022-08,2022,['kriminal-market.ru'],.ru,Агаповский районный суд - Челябинская область
5193408,2а-631/2022,2022-08-25,2022-08,2022,['www.bolnichnyu-oficialno.com'],.com,Каслинский городской суд - Челябинская область
5035836,2а-452/2022,2022-08-25,2022-08,2022,['eroticlab.pw'],.pw,Троицкий районный суд - Челябинская область
5157215,2а-636/2022,2022-08-25,2022-08,2022,['www.safetymoscow.ru'],.ru,Каслинский городской суд - Челябинская область
4870164,2а-805/2022,2022-08-26,2022-08,2022,['vuzinfo-hj.com'],.com,Еманжелинский городской суд - Челябинская область
4870017,2а-835/2022,2022-08-29,2022-08,2022,['emanzhelinsk.doc-avto.monster'],,Еманжелинский городской суд - Челябинская область
5016694,2а-6635/2022,2022-08-29,2022-08,2022,['indi16.club'],.club,Центральный районный суд г. Челябинска - Челябинская область
5078818,2а-830/2022,2022-08-29,2022-08,2022,['soulcats.ru'],.ru,Агаповский районный суд - Челябинская область
5062458,2а-804/2022,2022-08-29,2022-08,2022,['miass.ero-paradise.org'],.org,Агаповский районный суд - Челябинская область
5061860,2а-836/2022,2022-08-29,2022-08,2022,['snus.market'],.market,Агаповский районный суд - Челябинская область
4876992,2а-3766/2022,2022-08-31,2022-08,2022,['progolyh.com'],.com,Советский районный суд г. Челябинска - Челябинская область
5035549,2а-3844/2022,2022-09-01,2022-09,2022,['a.delhiescorts.news'],.news,Калининский районный суд г. Челябинска - Челябинская область
5034348,2а-3848/2022,2022-09-01,2022-09,2022,['e-joken.ru'],.ru,Калининский районный суд г. Челябинска - Челябинская область
5103827,2а-3706/2022,2022-09-02,2022-09,2022,['elektrofokus3.top'],.top,Тракторозаводский районный суд г. Челябинска - Челябинская область
4917827,2а-3693/2022,2022-09-02,2022-09,2022,['brandbase.art'],.art,Советский районный суд г. Челябинска - Челябинская область
4982678,2а-3694/2022,2022-09-02,2022-09,2022,['e-stock.youbagsese.com'],.com,Советский районный суд г. Челябинска - Челябинская область
4982307,2а-3698/2022,2022-09-02,2022-09,2022,['angelbags.guru'],.guru,Советский районный суд г. Челябинска - Челябинская область
5030203,2а-822/2022,2022-09-02,2022-09,2022,['ru-2ndflufa-bn.ru'],.ru,Агаповский районный суд - Челябинская область
4930344,2а-489/2022,2022-09-05,2022-09,2022,['hamsterix.xyz'],.xyz,Троицкий районный суд - Челябинская область
5067168,2-548/2022,2022-09-09,2022-09,2022,['www.kompromatural.ru'],.ru,Еткульский районный суд - Челябинская область
5067235,2-548/2022,2022-09-09,2022-09,2022,['www.kompromatural.ru'],.ru,Еткульский районный суд - Челябинская область
5067237,2-548/2022,2022-09-09,2022-09,2022,['www.kompromatural.ru'],.ru,Еткульский районный суд - Челябинская область
4963297,2а-865/2022,2022-09-15,2022-09,2022,['kriminal-market.ru'],.ru,Агаповский районный суд - Челябинская область
4963028,2а-866/2022,2022-09-15,2022-09,2022,['gunzi-salings.ru'],.ru,Агаповский районный суд - Челябинская область
4982565,2а-4829/2022,2022-09-19,2022-09,2022,['shop-coffee.ru'],.ru,Советский районный суд г. Челябинска - Челябинская область
4982440,2а-4829/2022,2022-09-19,2022-09,2022,['shop-coffee.ru'],.ru,Советский районный суд г. Челябинска - Челябинская область
4982808,2а-4859/2022,2022-09-19,2022-09,2022,['wep.sozrel.online'],.online,Советский районный суд г. Челябинска - Челябинская область
4935974,2а-1028/2022,2022-09-20,2022-09,2022,['xn--2-ztbcbch.cam'],.cam,Троицкий районный суд - Челябинская область
5126215,2а-3415/2022,2022-09-20,2022-09,2022,['magnitogorsk.registrator-propiska.online'],.online,Металлургический районный суд г. Челябинска - Челябинская область
5125810,2а-3418/2022,2022-09-20,2022-09,2022,['new-propiska.ru'],.ru,Металлургический районный суд г. Челябинска - Челябинская область
5126114,2а-3415/2022,2022-09-20,2022-09,2022,['magnitogorsk.propiska-plus.ru'],.ru,Металлургический районный суд г. Челябинска - Челябинская область
5009943,2а-4066/2022,2022-09-23,2022-09,2022,['m.avroramodels.net'],.net,Металлургический районный суд г. Челябинска - Челябинская область
5035765,2а-1056/2022,2022-09-27,2022-09,2022,['huesoska.com'],.com,Троицкий городской суд - Челябинская область
4997657,2а-1008/2022,2022-09-30,2022-09,2022,['escortswomanvipx.store'],.store,Еманжелинский городской суд - Челябинская область
5066481,2а-4634/2022,2022-10-06,2022-10,2022,['telkipiter.org'],.org,Металлургический районный суд г. Челябинска - Челябинская область
5035757,2а-5599/2022,2022-10-10,2022-10,2022,['tabaknomer-1.ru'],.ru,Советский районный суд г. Челябинска - Челябинская область
5172576,2а-4615/2022,2022-10-10,2022-10,2022,['m.avroramodels.net'],.net,Металлургический районный суд г. Челябинска - Челябинская область
5030273,2а-594/2022,2022-10-11,2022-10,2022,['a.bestseeds-30.xyz'],.xyz,Усть-Катавский городской суд - Челябинская область
5034428,2а-595/2022,2022-10-11,2022-10,2022,['a.grow-mania-28.life'],.life,Усть-Катавский городской суд - Челябинская область
5035558,2а-3760/2022,2022-10-11,2022-10,2022,['buragecy.info'],.info,Калининский районный суд г. Челябинска - Челябинская область
5140614,2а-6054/2022,2022-10-13,2022-10,2022,['relaxationp.ru'],.ru,Центральный районный суд г. Челябинска - Челябинская область
5061136,2а-3041/2022,2022-10-13,2022-10,2022,['hatiffone.com'],.com,Златоустовский городской суд - Челябинская область
5073461,2а-593/2022,2022-10-17,2022-10,2022,['ru-seller.com'],.com,Усть-Катавский городской суд - Челябинская область
5072816,,2022-10-17,2022-10,2022,['dok2022.xyz'],.xyz,Усть-Катавский городской суд - Челябинская область
5078728,2а-600/2022,2022-10-18,2022-10,2022,['chelyabinsk.vodx-prawa.com'],.com,Усть-Катавский городской суд - Челябинская область
5072840,,2022-10-19,2022-10,2022,['etotop.top'],.top,Усть-Катавский городской суд - Челябинская область
5072417,,2022-10-19,2022-10,2022,['supertop.fans'],.fans,Усть-Катавский городской суд - Челябинская область
5068170,,2022-10-20,2022-10,2022,['plomby-magnit24.ru'],.ru,Советский районный суд г. Челябинска - Челябинская область
5060891,2а-2950/2022,2022-10-26,2022-10,2022,['dipheporg.ru'],.ru,Правобережный районный суд г. Магнитогорска - Челябинская область
5054416,2а-1713/2022,2022-10-26,2022-10,2022,['kupit.passport-russia.com'],.com,Еманжелинский городской суд - Челябинская область
5097609,2а-5626/2022,2022-10-31,2022-10,2022,['roger.plus'],.plus,Миасский городской суд - Челябинская область
5061133,2а-2884/2022,2022-10-31,2022-10,2022,['diplgorkiy.ru'],.ru,Правобережный районный суд г. Магнитогорска - Челябинская область
5109411,2а-4768/2022,2022-11-01,2022-11,2022,['dilios.ru'],.ru,Металлургический районный суд г. Челябинска - Челябинская область
5092927,б/н,2022-11-02,2022-11,2022,['mineralynyevody.soos.su'],.su,Центральный районный суд г. Челябинска - Челябинская область
5166565,2а-563/2022,2022-11-07,2022-11,2022,['foriphone.space'],.space,Нагайбакский районный суд - Челябинская область
5166652,2а-563/2022,2022-11-07,2022-11,2022,['hatiffone.com'],.com,Нагайбакский районный суд - Челябинская область
5136733,2а-5884/2022,2022-11-08,2022-11,2022,['n.100-spravok.club'],.club,Курчатовский районный суд г. Челябинска - Челябинская область
5080318,2а-5601/2022,2022-11-08,2022-11,2022,['foriphone.space'],.space,Металлургический районный суд г. Челябинска - Челябинская область
5087351,2а-1741/2022,2022-11-08,2022-11,2022,['vuzinfo-0p.net'],.net,Еманжелинский городской суд - Челябинская область
5087209,2а-1736/2022,2022-11-08,2022-11,2022,['dlplombessta.com'],.com,Еманжелинский городской суд - Челябинская область
5136459,2а-5884/2022,2022-11-08,2022-11,2022,['chelyabinsk.multimeed.ru'],.ru,Курчатовский районный суд г. Челябинска - Челябинская область
5136357,2а-9360/2022,2022-11-10,2022-11,2022,['vyazyma2.pr-13.com'],.com,Центральный районный суд г. Челябинска - Челябинская область
5125509,2а-1203/2022,2022-11-10,2022-11,2022,['store.n-magniti.ru'],.ru,Троицкий городской суд - Челябинская область
5125716,2а-1204/2022,2022-11-10,2022-11,2022,['elektrofokus3.monster'],,Троицкий городской суд - Челябинская область
5079921,2а-5691/2022,2022-11-11,2022-11,2022,['s2.sosamba96.ru'],.ru,Металлургический районный суд г. Челябинска - Челябинская область
5146123,2а-663/2022,2022-11-14,2022-11,2022,['fap-guru.app'],.app,Усть-Катавский городской суд - Челябинская область
5256965,2а-9077/2022,2022-11-15,2022-11,2022,['d.ekaterinburg-doxy.com'],.com,Центральный районный суд г. Челябинска - Челябинская область
5142489,2а-9012/2022,2022-11-15,2022-11,2022,['m.bordeli.biz'],.biz,Центральный районный суд г. Челябинска - Челябинская область
5136816,2а-9434/2022,2022-11-16,2022-11,2022,['w.kzngirls.com'],.com,Центральный районный суд г. Челябинска - Челябинская область
5220629,2а-7098/2022,2022-11-16,2022-11,2022,['zaliv-carders.xyz'],.xyz,Тракторозаводский районный суд г. Челябинска - Челябинская область
5220044,2а-7093/2022 ~ М-6694/2022,2022-11-16,2022-11,2022,['drop-only.xyz'],.xyz,Тракторозаводский районный суд г. Челябинска - Челябинская область
5220337,2а-7099/2022 ~ М-6734/2022,2022-11-16,2022-11,2022,['antimigalki.world'],.world,Тракторозаводский районный суд г. Челябинска - Челябинская область
5110019,2а-5702/2022,2022-11-17,2022-11,2022,['cardingforum.cx'],.cx,Металлургический районный суд г. Челябинска - Челябинская область
5110079,2а-5702/2022,2022-11-17,2022-11,2022,['darkseller.org'],.org,Металлургический районный суд г. Челябинска - Челябинская область
5109961,2а-5706/2022 ~ М-5349/2022,2022-11-17,2022-11,2022,['anticarder.kr'],.kr,Металлургический районный суд г. Челябинска - Челябинская область
5157388,2а-614/2022,2022-11-18,2022-11,2022,['rebiz.ru'],.ru,Нагайбакский районный суд - Челябинская область
5266377,2а-2425/2022,2022-11-18,2022-11,2022,['escortswomanxvip.store'],.store,Коркинский городской суд - Челябинская область
5255787,2а-5778/2022,2022-11-23,2022-11,2022,['carding-forum.com'],.com,Металлургический районный суд г. Челябинска - Челябинская область
5255206,2а-7025/2022,2022-11-24,2022-11,2022,['studentki.in'],.in,Советский районный суд г. Челябинска - Челябинская область
5181598,2а-6483/2022,2022-11-24,2022-11,2022,['babaeb.net'],.net,Советский районный суд г. Челябинска - Челябинская область
5181787,2а-6482/2022,2022-11-24,2022-11,2022,['ananasik.net'],.net,Советский районный суд г. Челябинска - Челябинская область
5262701,2а-3312/2022,2022-11-24,2022-11,2022,['тутпорно.today'],.today,Правобережный районный суд г. Магнитогорска - Челябинская область
5262780,2а-3312/2022,2022-11-24,2022-11,2022,['m.xn----ztbcbceder.cc'],.cc,Правобережный районный суд г. Магнитогорска - Челябинская область
5255075,2а-6348/2022,2022-11-24,2022-11,2022,['chelyabinsk.bel-tabak.ru'],.ru,Советский районный суд г. Челябинска - Челябинская область
5228451,2а-6223/2022,2022-11-24,2022-11,2022,['card-card.xyz'],.xyz,Металлургический районный суд г. Челябинска - Челябинская область
5166597,2а-6484/2022,2022-11-24,2022-11,2022,['ebuca.club'],.club,Советский районный суд г. Челябинска - Челябинская область
5220240,2а-6222/2022,2022-11-24,2022-11,2022,['sochifeya1.mobi'],.mobi,Металлургический районный суд г. Челябинска - Челябинская область
5132098,2а-1741/2022,2022-11-25,2022-11,2022,['vuzinfo-0p.net'],.net,Еманжелинский городской суд - Челябинская область
5181248,2а-6491/2022,2022-11-25,2022-11,2022,['koreahas.com'],.com,Советский районный суд г. Челябинска - Челябинская область
5171908,2а-1713/2022,2022-11-25,2022-11,2022,['kupit.passport-russia.com'],.com,Еманжелинский городской суд - Челябинская область
5172210,2а-1794/2022,2022-11-25,2022-11,2022,['www20.profwork.info'],.info,Еманжелинский городской суд - Челябинская область
5187677,2а-5603/2022,2022-11-25,2022-11,2022,['falsh-drop.xyz'],.xyz,Металлургический районный суд г. Челябинска - Челябинская область
5171902,2а-1714/2022,2022-11-25,2022-11,2022,['rf-pasportov.com'],.com,Еманжелинский городской суд - Челябинская область
5255657,2а-5748/2022,2022-11-28,2022-11,2022,['ghost-connect.xyz'],.xyz,Металлургический районный суд г. Челябинска - Челябинская область
5181478,2а-6494/2022,2022-11-28,2022-11,2022,['hqsea.com'],.com,Советский районный суд г. Челябинска - Челябинская область
5314555,2а-769/2022,2022-11-29,2022-11,2022,['zaliv-carders.xyz'],.xyz,Нагайбакский районный суд - Челябинская область
5300510,2а-7139/2022,2022-11-29,2022-11,2022,['ccccc.sb'],.sb,Тракторозаводский районный суд г. Челябинска - Челябинская область
5255316,2а-6640/2022,2022-11-29,2022-11,2022,['justmeet.ru'],.ru,Советский районный суд г. Челябинска - Челябинская область
5322659,2а-9403/2022,2022-11-30,2022-11,2022,['drop-only.xyz'],.xyz,Центральный районный суд г. Челябинска - Челябинская область
5322766,2а-9403/2022,2022-11-30,2022-11,2022,['drop-only.xyz'],.xyz,Центральный районный суд г. Челябинска - Челябинская область
5322960,2а-9402/2022,2022-11-30,2022-11,2022,['mineralynye-vody.pr-13.com'],.com,Центральный районный суд г. Челябинска - Челябинская область
5389078,2а-6095/2022,2022-12-02,2022-12,2022,['cazoos.xyz'],.xyz,Металлургический районный суд г. Челябинска - Челябинская область
5382708,2а-6096/2022,2022-12-02,2022-12,2022,['old-bizz.xyz'],.xyz,Металлургический районный суд г. Челябинска - Челябинская область
5161504,2а-758/2022,2022-12-02,2022-12,2022,['dark-market.xyz'],.xyz,Нагайбакский районный суд - Челябинская область
5193431,2а-6406/2022,2022-12-05,2022-12,2022,['indi55.pics'],.pics,Металлургический районный суд г. Челябинска - Челябинская область
5229054,2а-6566/2022,2022-12-06,2022-12,2022,['wow-fuck.com'],.com,Советский районный суд г. Челябинска - Челябинская область
5174876,2а-1869/2022,2022-12-06,2022-12,2022,['padmerbent.com'],.com,Еманжелинский городской суд - Челябинская область
5175085,2а-1870/2022,2022-12-06,2022-12,2022,['escortxwomanvip.store'],.store,Еманжелинский городской суд - Челябинская область
5172046,2а-781/2022,2022-12-07,2022-12,2022,['sprawkys.co'],.co,Нагайбакский районный суд - Челябинская область
5196914,2а-699/2022,2022-12-07,2022-12,2022,['med.bolnichnye.vip'],.vip,Усть-Катавский городской суд - Челябинская область
5199019,2а-668/2022,2022-12-08,2022-12,2022,['a.24na7.site'],.site,Усть-Катавский городской суд - Челябинская область
5256511,2а-1400/2022,2022-12-09,2022-12,2022,['vuzinfo-d7.com'],.com,Чебаркульский городской суд - Челябинская область
5299953,2а-3459/2022,2022-12-12,2022-12,2022,['o.avroramodels.net'],.net,Правобережный районный суд г. Магнитогорска - Челябинская область
5264112,2а-7054/2022,2022-12-12,2022-12,2022,['supertop.fans'],.fans,Советский районный суд г. Челябинска - Челябинская область
5248304,2а-7794/2022,2022-12-13,2022-12,2022,['m.bigbossss.com'],.com,Калининский районный суд г. Челябинска - Челябинская область
5263480,2а-6416/2022,2022-12-14,2022-12,2022,['serov.propiska-region.ru'],.ru,Металлургический районный суд г. Челябинска - Челябинская область
5263587,2а-6416/2022,2022-12-14,2022-12,2022,['murmansk.propiski-net.ru'],.ru,Металлургический районный суд г. Челябинска - Челябинская область
5263799,2а-6414/2022,2022-12-14,2022-12,2022,['magnitogorsk.propiska-dom.ru'],.ru,Металлургический районный суд г. Челябинска - Челябинская область
5263904,2а-6414/2022,2022-12-14,2022-12,2022,['chelyabinsk.propiski-net.ru'],.ru,Металлургический районный суд г. Челябинска - Челябинская область
5265123,2а-6415/2022,2022-12-14,2022-12,2022,['habarovsk.propiska-legal.ru'],.ru,Металлургический районный суд г. Челябинска - Челябинская область
5265203,2а-6415/2022,2022-12-14,2022-12,2022,['tyumen.propiski-net.ru'],.ru,Металлургический районный суд г. Челябинска - Челябинская область
5265288,2а-6415/2022,2022-12-14,2022-12,2022,['tyumen.propiska-online.ru'],.ru,Металлургический районный суд г. Челябинска - Челябинская область
5263375,2а-6416/2022,2022-12-14,2022-12,2022,['nizhnevartovsk.propiska-region.ru'],.ru,Металлургический районный суд г. Челябинска - Челябинская область
5373015,2а-5666/2022,2022-12-14,2022-12,2022,['darkwebmafias.ws'],.ws,Металлургический районный суд г. Челябинска - Челябинская область
5373481,2а-5666/2022,2022-12-14,2022-12,2022,['darknet-market.to'],.to,Металлургический районный суд г. Челябинска - Челябинская область
5264009,2а-6414/2022,2022-12-14,2022-12,2022,['ekaterinburg.propiski-net.ru'],.ru,Металлургический районный суд г. Челябинска - Челябинская область
5263371,2а-6412/2022,2022-12-14,2022-12,2022,['prelunt.mgst.su'],.su,Металлургический районный суд г. Челябинска - Челябинская область
5488735,2а-6410/2022,2022-12-14,2022-12,2022,['chelyabinskaya-obl.realpussyindi.ru'],.ru,Металлургический районный суд г. Челябинска - Челябинская область
5242107,2а-1613/2022,2022-12-15,2022-12,2022,['www.tutebut.com'],.com,Верхнеуральский районный суд - Челябинская область
5243491,2а-1588/2022,2022-12-15,2022-12,2022,['kazan.fei116.biz'],.biz,Верхнеуфалейский городской суд - Челябинская область
5242227,2а-1605/2022,2022-12-15,2022-12,2022,['spb.telkipiter.net'],.net,Верхнеуфалейский городской суд - Челябинская область
5226256,2а-8299/2022,2022-12-15,2022-12,2022,['hatiffone.com'],.com,Курчатовский районный суд г. Челябинска - Челябинская область
5248579,2а-6356/2022,2022-12-16,2022-12,2022,['kopeysk.petronchukov.ru'],.ru,Копейский городской суд - Челябинская область
5248714,2а-6351/2022,2022-12-16,2022-12,2022,['e.doxy-chelyabinsk.net'],.net,Копейский городской суд - Челябинская область
5242942,2а-6357/2022,2022-12-16,2022-12,2022,['kopeysk.crossfitfan.ru'],.ru,Копейский городской суд - Челябинская область
5249268,2а-6358/2022,2022-12-16,2022-12,2022,['kopeysk.zhiznprazdnik.ru'],.ru,Копейский городской суд - Челябинская область
5248842,2а-6352/2022,2022-12-16,2022-12,2022,['escort-uslugi.website'],,Копейский городской суд - Челябинская область
5306685,2а-8393/2022,2022-12-19,2022-12,2022,['online-sim2.ru'],.ru,Миасский городской суд - Челябинская область
5266575,2а-5682/2022,2022-12-19,2022-12,2022,['dark-biz.xyz'],.xyz,Металлургический районный суд г. Челябинска - Челябинская область
5306802,2а-8393/2022,2022-12-19,2022-12,2022,['kupitsimbez2.ru'],.ru,Миасский городской суд - Челябинская область
5266509,2а-5682/2022,2022-12-19,2022-12,2022,['acvvboard.bz'],.bz,Металлургический районный суд г. Челябинска - Челябинская область
5306903,2а-8392/2022,2022-12-19,2022-12,2022,['24-sim.ru'],.ru,Миасский городской суд - Челябинская область
5374170,2а-6133/2022,2022-12-20,2022-12,2022,['zaliv-carders.xyz'],.xyz,Металлургический районный суд г. Челябинска - Челябинская область
5374280,2а-6133/2022,2022-12-20,2022-12,2022,['www.crime-life.xyz'],.xyz,Металлургический районный суд г. Челябинска - Челябинская область
5227518,2а-6339/2022,2022-12-21,2022-12,2022,['kopeysk1.pr-13.com'],.com,Копейский городской суд - Челябинская область
5242623,2а-1748/2022,2022-12-22,2022-12,2022,['ehftoor.stron-tm.ru'],.ru,Увельский районный суд - Челябинская область
5243511,2а-6348/2022,2022-12-22,2022-12,2022,['escortxwomanvip.store'],.store,Копейский городской суд - Челябинская область
5242620,2а-1741/2022 ~ М-1650/2022,2022-12-22,2022-12,2022,['kamensk-uralskiy.su12.ru'],.ru,Увельский районный суд - Челябинская область
5242487,2а-1742/2022 ~ М-1651/2022,2022-12-22,2022-12,2022,['kamensk-uralskiy.dlyavkontakte.ru'],.ru,Увельский районный суд - Челябинская область
5235253,2а-1739/2022 ~ М-1648/2022,2022-12-22,2022-12,2022,['kamensk-uralskiy.avtostroypro.ru'],.ru,Увельский районный суд - Челябинская область
5241541,2а-1748/2022,2022-12-22,2022-12,2022,['muddles.i-broker.su'],.su,Увельский районный суд - Челябинская область
5235297,2а-1740/2022 ~ М-1649/2022,2022-12-22,2022-12,2022,['elnovel.pb-akcent.ru'],.ru,Увельский районный суд - Челябинская область
5235362,2а-1747/2022 ~ М-1656/2022,2022-12-22,2022-12,2022,['kamensk-uralskiy.profdez24.ru'],.ru,Увельский районный суд - Челябинская область
5235497,2а-1744/2022,2022-12-22,2022-12,2022,['kamensk-uralskiy.zimedorogu.ru'],.ru,Увельский районный суд - Челябинская область
5241537,2а-1741/2022 ~ М-1650/2022,2022-12-22,2022-12,2022,['belgorod3.feikiss.com'],.com,Увельский районный суд - Челябинская область
5242354,2а-1742/2022 ~ М-1651/2022,2022-12-22,2022-12,2022,['kamensk-uralskiy.roadcomfort.ru'],.ru,Увельский районный суд - Челябинская область
5235227,2а-1740/2022 ~ М-1649/2022,2022-12-22,2022-12,2022,['kamensk-uralskiy.crossfitfan.ru'],.ru,Увельский районный суд - Челябинская область
5235017,2а-1743/2022,2022-12-22,2022-12,2022,['kamensk-uralskiy.keosan78.ru'],.ru,Увельский районный суд - Челябинская область
5242102,2а-815/2022 ~ М-812/2022,2022-12-23,2022-12,2022,['snlines.shop'],.shop,Нагайбакский районный суд - Челябинская область
5314179,2а-1548/2022,2022-12-23,2022-12,2022,['receive-sms-online.com'],.com,Агаповский районный суд - Челябинская область
5315075,2а-1548/2022,2022-12-23,2022-12,2022,['www.receivesms.co'],.co,Агаповский районный суд - Челябинская область
5401968,2а-10282/2022,2022-12-23,2022-12,2022,['hos1.cc'],.cc,Центральный районный суд г. Челябинска - Челябинская область
5314307,2а-1548/2022,2022-12-23,2022-12,2022,['sms.sellaite.com'],.com,Агаповский районный суд - Челябинская область
5278489,2а-729/2022 ~ М-698/2022,2022-12-26,2022-12,2022,['dokhumentn-ohrana.com'],.com,Усть-Катавский городской суд - Челябинская область
5455005,2а-2622/2022,2022-12-28,2022-12,2022,['ozersk.soos.su'],.su,Кыштымский городской суд - Челябинская область
5459899,2а-1217/2022,2022-12-29,2022-12,2022,['chelyabinsk.extern-dip.com'],.com,Карталинский городской суд - Челябинская область
5293333,б/н,2022-12-30,2022-12,2022,['one.indi-samara11.com'],.com,Центральный районный суд г. Челябинска - Челябинская область
